customer_id,customer_name,age,gender,phone,country,state,street_name,street_no,pincode
242,Merl Allkins,38,Female,+1 509 152 9195,United States,Washington,Bluestem,8373,99220
250,Kayla Rydzynski,72,Female,+1 757 950 6970,United States,Virginia,Village Green,32,23605
452,Zonnya Van der Spohr,106,Genderqueer,+1 301 361 8541,United States,Maryland,Clove,5,20784
70,Peta Buttrick,62,Male,+1 817 871 0346,United States,Texas,Dennis,23480,76121
789,Jody Ellis,99,Female,+1 714 950 1874,United States,California,Sullivan,09,92844
591,Derron Bairstow,53,Male,+1 717 577 9834,United States,Pennsylvania,Rowland,303,17405
555,Quintina Corbitt,52,Male,+1 916 265 5836,United States,California,Beilfuss,45265,95865
94,Price Batson,104,Female,+1 212 821 1067,United States,New York,Hintze,778,10292
815,Gretal Basset,118,Non-binary,+1 806 322 0178,United States,Texas,Crest Line,9,79405
401,Bancroft Reading,25,Female,+1 801 683 0777,United States,Utah,Express,2098,84125
320,Ame Hugonneau,110,Male,+1 616 593 0969,United States,Michigan,Declaration,611,49518
605,Gabriellia Froschauer,22,Female,+1 937 786 7055,United States,Ohio,Jackson,503,45454
62,Tersina Corfield,120,Female,+1 518 750 2651,United States,New York,Village,75351,12210
488,Mallory Hannis,86,Male,+1 754 730 8722,United States,Florida,Thackeray,3,33336
667,Ced Vinsen,54,Female,+1 973 139 2520,United States,New Jersey,Mesta,5,07104
390,Davon Purslow,31,Female,+1 405 123 5611,United States,Oklahoma,Forest,4619,73135
878,Renard Dorber,39,Genderqueer,+1 210 719 0769,United States,Texas,6th,10,78265
783,Carol-jean Peach,63,Female,+1 256 743 7943,United States,Alabama,Browning,6,35805
112,Laetitia Gorden,110,Male,+1 405 395 4468,United States,Oklahoma,Sachs,4547,73179
915,Gay Satchel,40,Female,+1 704 712 7808,United States,North Carolina,Charing Cross,07686,28215
881,Avis Marian,26,Male,+1 214 410 5429,United States,Texas,Erie,6286,75049
293,Ralina Bemwell,48,Male,+1 859 202 0035,United States,Kentucky,Milwaukee,6,40576
530,Corabelle Renol,69,Male,+1 405 647 1523,United States,Oklahoma,Arapahoe,66588,73142
185,Charo Lawlee,98,Female,+1 402 178 8105,United States,Nebraska,Drewry,9,68583
946,Philippe Keetch,19,Female,+1 423 819 6677,United States,Tennessee,Corry,2,37410
537,Alena Bonsale,58,Female,+1 562 434 3913,United States,California,Sommers,3646,94110
187,Mitch Coverlyn,33,Male,+1 937 533 0765,United States,Ohio,Beilfuss,6,45454
206,Brockie Nehlsen,35,Female,+1 212 404 9799,United States,New York,Little Fleur,8,11499
22,Francisco Willerson,58,Female,+1 573 867 6003,United States,Missouri,Garrison,40695,65105
670,Caryl Bassford,116,Female,+1 203 900 1041,United States,Connecticut,Sloan,753,06533
804,Estella Raw,109,Female,+1 864 857 9494,United States,South Carolina,Ludington,19,29319
369,Burton Collman,75,Male,+1 804 571 6254,United States,Virginia,Mandrake,2256,23203
491,Florinda Leinweber,46,Polygender,+1 412 684 2001,United States,Pennsylvania,Cordelia,6,15286
391,Jedd Tuxwell,82,Female,+1 501 827 4945,United States,Arkansas,Fair Oaks,59866,71914
396,Phoebe Ketcher,95,Female,+1 843 791 4366,United States,South Carolina,Manufacturers,926,29411
644,Cordie Sugar,42,Male,+1 573 201 8965,United States,Missouri,Tennessee,560,65218
747,Henryetta Sedcole,79,Female,+1 941 974 6988,United States,Florida,Hoepker,30,34135
893,Regen Priestman,80,Female,+1 832 417 9439,United States,Texas,Ridgeway,277,77015
686,Thatch Lawrie,47,Male,+1 404 665 6484,United States,Georgia,Rieder,16,30368
149,Ramona Brand,29,Female,+1 702 162 3667,United States,Nevada,Mockingbird,6,89140
66,Corbin Milley,55,Female,+1 253 898 0699,United States,Washington,Lyons,4872,98481
863,Stanly Bernardelli,67,Female,+1 509 158 3460,United States,Washington,Lukken,457,99205
688,Avis Langelaan,62,Male,+1 571 548 9027,United States,Virginia,Kropf,36430,22234
743,Marcy Speirs,83,Male,+1 212 889 4984,United States,New York,Butterfield,9311,10009
486,Lauren Oehm,41,Female,+1 316 936 5418,United States,Kansas,Continental,44,67230
360,Kessiah Giuron,52,Female,+1 419 903 3296,United States,Ohio,Anthes,26319,43656
197,Marnie Ashbolt,116,Female,+1 239 546 3710,United States,Florida,Laurel,61,34114
878,Merline Wandrey,60,Female,+1 718 473 5233,United States,New York,Cottonwood,176,10004
15,Larissa Galland,76,Male,+1 317 761 9926,United States,Indiana,Kensington,12013,46216
470,Hubie Reville,89,Male,+1 585 264 4535,United States,New York,Hanson,287,14604
705,Hersh Queree,97,Male,+1 509 971 3132,United States,Washington,Carpenter,664,99220
216,Mylo Sellner,45,Male,+1 806 229 8884,United States,Texas,Wayridge,37,79118
602,Torrey Dockree,52,Male,+1 559 614 8413,United States,California,Esch,5377,92640
356,Mureil Bwye,95,Male,+1 813 192 9794,United States,Florida,Harbort,65,33758
865,Stephan Goldby,56,Non-binary,+1 402 822 6929,United States,Nebraska,John Wall,77,68124
633,Kelli Stroban,44,Female,+1 469 188 3538,United States,Texas,Manley,790,75062
215,Sonnie Billison,54,Male,+1 305 941 5204,United States,Florida,Graceland,80,33180
70,Sofie Lanphier,59,Male,+1 909 542 5516,United States,California,3rd,917,92415
642,Tonnie Greaterex,115,Male,+1 405 711 2326,United States,Oklahoma,Comanche,7,73129
167,Andria Glasbey,87,Polygender,+1 713 230 8996,United States,Texas,Burrows,699,77223
47,Robby Ronchetti,42,Genderqueer,+1 214 483 7040,United States,Texas,Stuart,56399,75236
725,Sollie Lundy,20,Male,+1 205 590 3848,United States,Alabama,Messerschmidt,4507,35244
16,Francis Garrettson,32,Bigender,+1 210 715 8022,United States,Texas,Lien,99,78220
270,Jack Krabbe,69,Genderfluid,+1 339 735 1016,United States,Massachusetts,Spenser,289,01905
41,Tamra McCuis,45,Female,+1 225 992 6657,United States,Louisiana,Cherokee,10184,70820
149,Riva Lates,91,Male,+1 801 952 8601,United States,Utah,Atwood,37197,84152
790,Bonni Coldicott,42,Female,+1 702 570 4152,United States,Nevada,Prairie Rose,8409,89150
337,Derick Sturdey,104,Female,+1 337 955 6541,United States,Louisiana,Caliangt,3360,70616
56,Lorne Roach,86,Male,+1 419 560 2267,United States,Ohio,Mitchell,35143,43666
731,Emelyne Wilmington,57,Genderqueer,+1 754 714 6500,United States,Florida,Hanson,904,33345
852,Jerrine Wartnaby,31,Male,+1 763 402 0905,United States,Minnesota,Chinook,7391,55565
599,Bria Klaesson,28,Male,+1 816 853 5794,United States,Missouri,New Castle,7,64125
806,Gennifer Trase,36,Female,+1 509 794 6562,United States,Washington,Oxford,9099,99260
515,Kary Nichol,42,Male,+1 251 925 8207,United States,Alabama,Londonderry,34729,36605
278,Sibylla Arpin,110,Male,+1 352 697 2660,United States,Florida,Gateway,60840,34474
424,Rhiamon Lavers,30,Male,+1 619 789 0427,United States,California,Moose,6,92196
384,Marcia Fleetham,83,Male,+1 408 563 8308,United States,California,Nobel,008,95138
315,Franciskus Beirne,85,Female,+1 214 203 3138,United States,Texas,Birchwood,9,75323
885,Lorrie Tamsett,81,Female,+1 615 916 6688,United States,Tennessee,Meadow Vale,6,37205
753,Jeanelle Latter,75,Female,+1 561 805 5067,United States,Florida,Dexter,37669,33416
7,Evy De Lisle,74,Female,+1 859 252 6114,United States,Kentucky,Center,55,40546
200,Darill Farenden,48,Female,+1 307 983 8748,United States,Wyoming,Bartelt,37,82007
56,Ivan Gager,62,Female,+1 714 372 9616,United States,California,Dovetail,40658,92835
837,Benjamen Jopling,48,Male,+1 216 701 0502,United States,Ohio,Arapahoe,9021,44105
7,Stefan Upex,92,Female,+1 253 247 5771,United States,Washington,Sachs,58,98442
452,Jaquelin Avo,29,Female,+1 781 526 9856,United States,Massachusetts,Northport,572,02142
301,Delly Hugues,97,Male,+1 239 205 1844,United States,Florida,New Castle,08,33994
682,Hashim Klima,22,Male,+1 305 727 2284,United States,Florida,Loomis,489,33180
487,Delphinia Demange,103,Male,+1 502 621 8899,United States,Kentucky,Dixon,4,41905
680,Robenia Sugars,33,Female,+1 225 278 9025,United States,Louisiana,Sutteridge,7,70810
244,Frances Clemendet,40,Male,+1 419 554 2747,United States,Ohio,Linden,29,43656
485,Kai Wavell,93,Female,+1 704 516 4561,United States,North Carolina,Hoard,17,28230
788,Maude Forsdicke,97,Male,+1 314 369 5293,United States,Missouri,Waywood,3584,63104
681,Ladonna Aldham,78,Female,+1 202 855 7521,United States,District of Columbia,Amoth,20681,20005
18,Merna Fairs,20,Female,+1 412 170 8639,United States,Pennsylvania,Ridgeview,67,15279
287,Rycca Byway,61,Male,+1 503 326 8971,United States,Oregon,Cambridge,560,97206
411,Ware Caulket,117,Male,+1 518 925 6353,United States,New York,Coolidge,73,12232
365,Glynnis Osment,35,Male,+1 318 587 4081,United States,Louisiana,Birchwood,1,71115
569,Ashlen Arnefield,91,Male,+1 513 422 4650,United States,Ohio,Northridge,380,45228
897,Inez de Werk,65,Male,+1 614 867 6627,United States,Ohio,West,18858,43284
24,Caddric Anney,103,Female,+1 757 222 8444,United States,Virginia,Arizona,50763,23471
886,Kristo Nusche,119,Male,+1 757 366 3761,United States,Virginia,Beilfuss,45,23520
466,Germayne Cabrer,104,Male,+1 616 513 4686,United States,Michigan,Mosinee,9957,49510
764,Kiersten Goldsbury,18,Male,+1 918 964 2265,United States,Oklahoma,Alpine,00,74193
264,Tybalt Simmins,115,Female,+1 518 204 4089,United States,New York,Elka,9343,12305
937,Whitman Colgan,86,Female,+1 682 264 4046,United States,Texas,Morning,2388,76192
374,Mayor Ruane,72,Female,+1 334 209 5381,United States,Alabama,Dryden,70533,36177
338,Brigitta Disbury,55,Female,+1 314 938 0720,United States,Missouri,Dryden,5,63116
578,Stuart Shadwick,59,Female,+1 772 210 7861,United States,Florida,Moland,1,34981
49,Carol Shelper,65,Female,+1 772 245 1568,United States,Florida,Mallard,4,34981
267,Bryn Mumm,58,Male,+1 304 511 4601,United States,West Virginia,Scofield,59019,25356
139,Beret Kimmince,33,Agender,+1 601 941 1906,United States,Mississippi,Waubesa,99,39216
373,Lawton By,53,Male,+1 509 338 9756,United States,Washington,Grover,17,99210
159,Lisette Conor,65,Female,+1 415 438 7695,United States,California,Anderson,9997,94116
222,Freda Coucher,29,Male,+1 347 839 7685,United States,New York,Fordem,783,11355
832,Jesse Craine,83,Female,+1 202 678 8018,United States,District of Columbia,Sycamore,38,20057
268,Oswald Rubie,25,Male,+1 404 148 7890,United States,Georgia,Summer Ridge,88,30375
491,Corney Genese,50,Female,+1 417 996 7483,United States,Missouri,Doe Crossing,5625,65805
299,Wilmette -Ancy Willis,37,Male,+1 423 139 7249,United States,Tennessee,Meadow Ridge,24,37605
657,Devlen Schwant,84,Female,+1 405 934 3537,United States,Oklahoma,Artisan,04888,73071
340,Cornelius Gellan,83,Male,+1 602 678 7061,United States,Arizona,Hallows,16959,85083
96,Editha Inston,60,Female,+1 209 641 0151,United States,California,Kingsford,5126,93704
337,Friedrich Doale,62,Female,+1 309 325 6469,United States,Illinois,Mandrake,06625,61651
845,Meade Avann,48,Male,+1 215 618 1566,United States,Pennsylvania,Menomonie,38,19141
182,Piper Rivaland,93,Male,+1 443 163 7232,United States,Maryland,Dexter,16,21239
96,Maurene Mourge,45,Male,+1 479 522 3040,United States,Arkansas,Coleman,71,72916
927,Nicky Kempster,105,Male,+1 616 321 3258,United States,Michigan,Marquette,9,49510
503,Lila Tubble,63,Female,+1 713 770 7210,United States,Texas,Katie,46,77276
34,Alexandra Oxbrough,39,Non-binary,+1 210 457 8322,United States,Texas,Lindbergh,7,78225
940,Currie Trobridge,109,Female,+1 706 730 4756,United States,Georgia,Loeprich,91,30605
671,Emera Snugg,96,Female,+1 915 164 2273,United States,Texas,Mcguire,6,79955
798,Nicko Bettleson,59,Non-binary,+1 239 904 1701,United States,Florida,Fieldstone,4746,34114
255,Elberta Strand,96,Male,+1 917 998 4291,United States,New York,Vermont,6,10474
207,Aland Proud,76,Male,+1 623 804 8168,United States,Arizona,Shelley,20185,85015
907,Brietta Vinau,113,Female,+1 510 840 5680,United States,California,Eliot,8,94705
698,Sully Fooks,101,Male,+1 412 344 4076,United States,Pennsylvania,South,8,15225
740,Hanny Milliere,112,Male,+1 808 926 6235,United States,Hawaii,Rusk,322,96840
575,Timmie Tritten,81,Male,+1 219 100 2460,United States,Indiana,Luster,70161,46406
462,Laurens Oyley,52,Male,+1 256 735 8878,United States,Alabama,Packers,76054,35895
299,Walsh Resdale,25,Male,+1 314 982 2422,United States,Missouri,Hooker,79,63169
379,Enriqueta Jankowski,69,Male,+1 919 995 9709,United States,North Carolina,Nevada,0567,27610
572,Iggie Glauber,35,Genderfluid,+1 415 261 2495,United States,California,Roxbury,12,94169
204,Alberta McCrackan,89,Female,+1 561 762 7980,United States,Florida,Beilfuss,8475,33421
183,Lea Janaszewski,82,Female,+1 805 552 3085,United States,California,Hovde,97,93150
683,Prudence Coultar,35,Female,+1 512 623 7683,United States,Texas,Golf,490,78764
260,Mina Render,50,Female,+1 734 128 4524,United States,Michigan,Swallow,86877,48126
685,Natty Frisch,102,Female,+1 602 662 6533,United States,Arizona,Almo,86336,85035
533,Sharon Straine,76,Female,+1 619 724 9621,United States,California,Truax,4838,92165
809,Theodoric Sawfoot,41,Male,+1 314 611 2323,United States,Missouri,Valley Edge,5572,63110
775,Sissy Lilliman,52,Polygender,+1 202 445 8692,United States,District of Columbia,Derek,5,20420
168,Amitie Walworth,117,Female,+1 505 869 1415,United States,New Mexico,Jana,6050,87110
185,Henka Wrotham,83,Female,+1 214 991 7364,United States,Texas,Wayridge,6,75260
825,Dynah Stockell,22,Male,+1 630 400 9992,United States,Illinois,Victoria,50,60641
222,Denise Mintrim,25,Male,+1 724 778 7057,United States,Pennsylvania,Kenwood,034,15210
29,Greta Carik,89,Female,+1 309 975 8264,United States,Illinois,Acker,02249,61629
204,Newton Graine,19,Male,+1 303 875 5461,United States,Colorado,Moose,9,80235
651,Matty Jarritt,117,Female,+1 202 692 0147,United States,District of Columbia,Arizona,8,20591
87,Ceciley MacRannell,105,Male,+1 515 909 2439,United States,Iowa,Melody,9848,50305
173,Hynda McKinstry,43,Male,+1 817 575 2833,United States,Texas,Harbort,69572,76205
837,Quintina Marmyon,21,Male,+1 718 875 9363,United States,New York,7th,27289,11205
869,Burnaby Duffin,68,Male,+1 229 552 2747,United States,Georgia,Hansons,1,31704
911,Carolus Richards,102,Female,+1 909 886 7411,United States,California,Columbus,6,92410
220,Wanids Grishaev,96,Female,+1 859 988 4447,United States,Kentucky,Quincy,4372,40515
929,Walt Renshaw,23,Female,+1 702 991 8149,United States,Nevada,Kropf,8,89105
466,Dania Schoenrock,48,Female,+1 410 567 2165,United States,Maryland,Briar Crest,5,21275
35,Louise Devenport,80,Male,+1 702 457 9857,United States,Nevada,Old Gate,1359,89110
498,Kori Lumbley,29,Female,+1 619 617 5844,United States,California,Summit,808,92191
440,Alana Bittany,96,Female,+1 808 729 3832,United States,Hawaii,Macpherson,1,96835
947,Harri Kelledy,56,Male,+1 214 488 4511,United States,Texas,Bobwhite,96464,75358
762,Shirlene Hiscoe,68,Male,+1 407 360 2408,United States,Florida,Troy,17,32859
208,Chris Donnell,58,Male,+1 251 673 0134,United States,Alabama,Golf View,753,36689
893,Euell Budgey,80,Female,+1 754 952 0453,United States,Florida,South,1573,33336
138,Quincey Killiam,114,Female,+1 330 738 6092,United States,Ohio,Eastlawn,2,44505
38,Hershel Geddis,40,Bigender,+1 786 261 0703,United States,Florida,Saint Paul,6056,33196
594,Ely Outridge,54,Male,+1 916 554 3364,United States,California,Springview,0,94273
873,Maggee Sparrow,46,Male,+1 516 174 2223,United States,New York,Morningstar,09137,11044
525,Yurik McRobb,27,Non-binary,+1 954 155 0818,United States,Florida,Killdeer,465,33315
576,Ulric Branchflower,29,Male,+1 520 284 9698,United States,Arizona,Southridge,9,85720
6,Hyacinthe Duggan,105,Female,+1 408 316 0856,United States,California,Thompson,92303,95133
222,Ardith Uttermare,97,Male,+1 559 961 1562,United States,California,Elmside,1,93721
555,Blayne Headly,63,Male,+1 330 535 6431,United States,Ohio,Main,3294,44329
259,Noelyn Stollenberg,33,Female,+1 571 420 3501,United States,Virginia,Quincy,32,22225
200,Ripley Petrolli,68,Female,+1 304 938 3361,United States,West Virginia,Sheridan,3829,25321
776,Ed Crosfeld,100,Male,+1 316 128 9280,United States,Kansas,Service,7887,67260
90,Kendell Conochie,88,Female,+1 615 872 5626,United States,Tennessee,Debs,6118,37220
531,Hilary Chaudret,42,Male,+1 951 628 6448,United States,California,Merry,4599,92555
607,Virgil Klimashevich,102,Female,+1 405 836 9536,United States,Oklahoma,Lukken,60126,73152
47,Rubina Wall,59,Male,+1 571 272 1938,United States,Virginia,Merchant,71,22225
132,Laural Camoletto,91,Female,+1 404 741 6295,United States,Georgia,Declaration,856,30392
334,Loise Lilbourne,67,Female,+1 757 217 7054,United States,Virginia,Crowley,97,23509
818,Ronald Backhouse,94,Female,+1 202 324 6392,United States,District of Columbia,Fisk,7695,20420
380,Granny Priter,109,Female,+1 805 737 3493,United States,California,Haas,3248,93111
366,Laverne Schreiner,71,Male,+1 816 264 1604,United States,Missouri,Jenna,89,64153
197,Briny Walshaw,75,Female,+1 816 821 8896,United States,Missouri,Hoard,7202,64153
532,Zelig Carnell,62,Male,+1 806 870 6230,United States,Texas,Nobel,526,79165
645,Cassandra Tickel,31,Male,+1 202 289 2565,United States,District of Columbia,Waubesa,67,20525
453,Nessy Campanelle,39,Female,+1 208 430 9912,United States,Idaho,Arizona,31088,83711
375,Sidnee Pitblado,20,Female,+1 240 962 1254,United States,Maryland,Schlimgen,69639,20883
127,Ursala Durker,88,Male,+1 440 274 2886,United States,Ohio,Graceland,940,44130
809,Octavia Rattenbury,71,Male,+1 469 708 5360,United States,Texas,Oriole,04051,75287
435,Brien Orcas,107,Male,+1 570 203 9706,United States,Pennsylvania,Roth,84559,18706
366,Arel Shalcras,112,Male,+1 919 873 9136,United States,North Carolina,Fallview,35,27626
359,Tanya Tunnah,112,Female,+1 860 996 7711,United States,Connecticut,Spaight,12126,06105
551,Royall Crolly,45,Female,+1 253 775 9788,United States,Washington,Chinook,76,98442
770,Lee Hathwood,90,Male,+1 248 124 8960,United States,Michigan,Knutson,31,48098
641,Brand Gogie,29,Female,+1 916 464 5743,United States,California,Elmside,2,95838
734,Tobe Luttger,70,Male,+1 361 542 0583,United States,Texas,Westridge,122,78465
824,Walsh Banaszczyk,46,Male,+1 970 785 9054,United States,Colorado,Haas,4229,80525
747,Perry Jeannet,35,Female,+1 801 251 8661,United States,Utah,Doe Crossing,9,84145
230,Venus Devereux,29,Male,+1 210 515 0520,United States,Texas,Moose,392,78250
574,Ardene Romaint,50,Male,+1 808 661 0682,United States,Hawaii,Stone Corner,570,96805
439,Leo Buckthorpe,79,Non-binary,+1 209 349 1304,United States,California,Golden Leaf,02294,95219
786,Agustin Shillan,105,Female,+1 407 835 0625,United States,Florida,Coleman,42170,32813
495,Stanly Kohrsen,99,Male,+1 858 364 9455,United States,California,Nevada,851,92121
751,Dora Olohan,97,Female,+1 510 552 2662,United States,California,Stoughton,6570,94712
507,Con Dummett,104,Female,+1 412 219 3148,United States,Pennsylvania,Eagan,84327,15225
343,Felita Grigorey,112,Female,+1 206 189 3404,United States,Washington,Park Meadow,41056,98127
158,Eve Tweedy,51,Non-binary,+1 817 595 6410,United States,Texas,Lawn,8679,76121
483,Barbi Crayk,40,Female,+1 806 109 7516,United States,Texas,Elka,9,79410
875,Ab Bleaden,69,Male,+1 952 555 5685,United States,Minnesota,Crowley,085,55412
698,Elfreda Britto,97,Male,+1 313 662 7309,United States,Michigan,Morrow,4,48258
12,Roda Charrette,107,Female,+1 608 907 6309,United States,Wisconsin,Sloan,57,53785
734,Pat Lowne,74,Female,+1 304 314 3033,United States,West Virginia,Waywood,2,25726
687,Bentlee Babinski,31,Male,+1 202 292 1761,United States,District of Columbia,Fieldstone,693,20404
825,Lynda Chilcotte,95,Bigender,+1 518 776 2592,United States,New York,Huxley,2086,12247
89,Deane Belloch,111,Male,+1 718 248 0859,United States,New York,Hansons,504,10019
67,Tadd Trigg,114,Male,+1 202 853 0243,United States,District of Columbia,Mendota,67,20220
729,Don Tunniclisse,35,Male,+1 404 139 6883,United States,Georgia,Holmberg,2433,30033
343,Ally Cooley,33,Female,+1 314 352 7064,United States,Missouri,Kropf,6505,63136
922,Seka Wulfinger,109,Male,+1 850 505 6408,United States,Florida,School,41,32575
527,Sayre Blumsom,88,Male,+1 312 671 2848,United States,Illinois,Center,82547,60686
881,Pincas Swaby,55,Male,+1 661 458 9200,United States,California,Bunting,0,93386
240,Cathleen Shireff,42,Female,+1 704 315 7184,United States,North Carolina,Annamark,6,27105
527,Kalle Sang,35,Agender,+1 505 836 1279,United States,New Mexico,Oak,235,87592
887,Marget Dyster,117,Female,+1 706 838 8474,United States,Georgia,Quincy,69,30610
845,Ruben Fillon,55,Female,+1 303 431 7561,United States,Colorado,2nd,51541,80255
590,Sherwynd Alibone,67,Male,+1 504 447 9051,United States,Louisiana,Lerdahl,81921,70187
758,Ethelda Sivior,68,Male,+1 970 274 0501,United States,Colorado,Del Mar,92713,81505
177,Mariya Friatt,117,Male,+1 402 214 2447,United States,Nebraska,Anthes,031,68124
695,Nicolai Jados,52,Female,+1 213 530 5674,United States,California,Hoard,1844,90087
500,Madelina Campo,62,Male,+1 910 980 8936,United States,North Carolina,Rieder,499,28410
481,Tonie Freire,68,Agender,+1 214 359 2850,United States,Texas,7th,57023,76011
348,Cassius Byrcher,119,Male,+1 520 621 4402,United States,Arizona,Daystar,535,85732
573,Ferdy Hanford,47,Female,+1 646 987 1946,United States,New York,Aberg,074,10045
457,Cicily Fansy,20,Male,+1 210 794 0964,United States,Texas,Autumn Leaf,0,78215
794,Ethelbert Cavanaugh,49,Male,+1 386 721 1674,United States,Florida,Petterle,98592,32123
700,Carlin Lemar,79,Female,+1 585 385 0778,United States,New York,Shasta,33112,14619
501,Rafaello Sutherby,21,Female,+1 574 610 7262,United States,Indiana,Mayer,4,46614
948,Bradly Reyne,31,Female,+1 816 795 6228,United States,Missouri,Dunning,0634,64187
444,Andrei Inseal,48,Female,+1 916 230 2686,United States,California,Granby,332,95894
127,Elliott Elsom,64,Female,+1 765 340 8673,United States,Indiana,Dahle,1331,47306
428,Tomasina Pepon,50,Male,+1 410 462 2113,United States,Maryland,Mariners Cove,797,21239
700,Duncan Kimbling,63,Female,+1 704 315 3510,United States,North Carolina,Forest Dale,86,28210
42,Harmonia Nussii,29,Male,+1 818 595 2706,United States,California,Towne,2460,91328
839,Mort Gailor,26,Male,+1 904 129 9729,United States,Florida,Dawn,069,32220
946,Esmaria Keasley,53,Male,+1 323 607 0862,United States,California,Oriole,57,90025
655,Jenilee Harniman,31,Female,+1 414 177 1744,United States,Wisconsin,Randy,300,53225
694,Garnet Elks,79,Male,+1 757 407 3410,United States,Virginia,Northridge,6,23324
25,Richie Jacox,72,Male,+1 520 565 8131,United States,Arizona,Parkside,358,85748
789,Verna Thormann,52,Male,+1 918 214 2273,United States,Oklahoma,Hauk,3,74141
927,Hertha Sallings,21,Female,+1 408 228 9413,United States,California,Kingsford,839,95160
235,Aron Gillcrist,111,Female,+1 901 783 7033,United States,Tennessee,Shasta,17,38126
164,Rochell Dreinan,47,Male,+1 212 852 4233,United States,New York,5th,5,10009
885,Lucine Carnow,34,Bigender,+1 806 867 0377,United States,Texas,Vahlen,800,79171
188,Wini Poulney,104,Female,+1 713 711 1173,United States,Texas,Monica,53,77085
178,Garrik Burdon,57,Non-binary,+1 202 908 9597,United States,District of Columbia,Lakewood Gardens,87822,20036
62,Jeni Petworth,25,Male,+1 773 744 6128,United States,Illinois,Brentwood,7,60619
683,Alena McSwan,55,Female,+1 319 101 3219,United States,Iowa,Basil,00719,52245
939,Martyn Dimitresco,39,Male,+1 913 207 9209,United States,Kansas,Springs,5,66220
195,Brewster Butterfint,114,Male,+1 205 216 9709,United States,Alabama,Badeau,21,35205
411,Cecilia Wigginton,98,Male,+1 859 518 6339,United States,Kentucky,Mcguire,29,40546
386,Lars Clandillon,33,Female,+1 904 883 7534,United States,Florida,Veith,0362,32220
114,Tabby Ballinger,36,Male,+1 806 919 6892,United States,Texas,Mayfield,3493,79452
597,Vassily Boc,118,Genderfluid,+1 719 263 2814,United States,Colorado,Oak,11,80920
272,Edna Lob,110,Male,+1 407 477 3041,United States,Florida,Forest Dale,36992,32859
43,Benetta Catherall,93,Male,+1 703 585 3672,United States,District of Columbia,Mosinee,7589,20016
283,Jannelle MacKeller,20,Male,+1 919 323 6037,United States,North Carolina,Canary,50901,27626
200,Joelle Augar,54,Female,+1 816 830 5997,United States,Missouri,Scoville,7,64142
145,Penn Dorsey,102,Female,+1 515 878 5531,United States,Iowa,Dayton,6,50362
695,Joelie Johananoff,57,Male,+1 202 225 4348,United States,District of Columbia,Hanover,1,20430
298,Lorant Corhane,105,Female,+1 770 606 7148,United States,Georgia,Park Meadow,96051,30506
79,Arlie Forten,39,Female,+1 304 347 4218,United States,West Virginia,Lien,0024,25331
513,Burty Carmel,60,Male,+1 843 298 3419,United States,South Carolina,Arapahoe,8799,29416
156,Nelie Sancto,44,Female,+1 412 529 0316,United States,Pennsylvania,Bluestem,688,15215
372,Teodorico MacTague,117,Male,+1 469 508 0295,United States,Texas,Northland,8,75226
370,Mirella Hessentaler,70,Female,+1 818 306 1855,United States,California,Gateway,180,90510
433,Adele Knipe,106,Male,+1 412 868 8549,United States,Pennsylvania,Hazelcrest,91622,15240
601,Phil Keyser,108,Male,+1 915 295 9491,United States,Texas,Pankratz,79,88558
850,Tod Josipovitz,84,Female,+1 205 585 6632,United States,Alabama,Little Fleur,40,35225
431,Herminia Morteo,95,Male,+1 202 627 1993,United States,District of Columbia,Scoville,8520,20205
621,Aron Willbraham,97,Male,+1 561 820 1441,United States,Florida,Prairieview,8,33432
902,Shelton Havock,45,Male,+1 646 948 5539,United States,New York,Evergreen,7,10170
511,Elden Cecchetelli,44,Male,+1 571 886 8860,United States,Virginia,Ridge Oak,376,20167
429,Kathleen Itzkovich,37,Female,+1 917 699 9131,United States,New York,Calypso,7,10014
902,Israel Beran,102,Male,+1 202 673 8262,United States,District of Columbia,Trailsway,73,20404
81,Adrienne Labone,26,Male,+1 202 781 9314,United States,Maryland,International,96549,20904
537,Lilia Furmedge,23,Male,+1 916 582 4509,United States,California,Swallow,15,94286
296,Cassie Gettins,35,Male,+1 337 101 6592,United States,Louisiana,Dapin,305,70505
149,Jacki Timbrell,62,Male,+1 646 982 6572,United States,New York,Lyons,498,10060
770,Ardys Tammadge,56,Female,+1 408 866 8006,United States,California,Carioca,02480,95113
734,Loria Pund,99,Female,+1 202 404 9491,United States,District of Columbia,Carioca,6399,20210
749,Griffy Taylo,18,Male,+1 816 405 3636,United States,Missouri,Goodland,04801,64149
623,Dori Kohrs,71,Female,+1 325 680 4339,United States,Texas,Independence,74966,79605
68,Rodrigo Dominichetti,30,Male,+1 404 927 9884,United States,Georgia,Cardinal,14142,30356
714,Feodor Kochlin,53,Male,+1 952 147 3635,United States,Minnesota,Waubesa,8,55579
851,Robbi Roocroft,22,Polygender,+1 305 186 6045,United States,Florida,Eggendart,820,33013
416,Bee Ortelt,82,Male,+1 908 360 7988,United States,New Jersey,Upham,7,07208
192,Chan Cochet,58,Male,+1 323 887 9955,United States,California,Calypso,72876,90305
294,Rutledge Posner,104,Male,+1 409 789 3305,United States,Texas,Kingsford,729,77554
706,Karisa Lohrensen,75,Male,+1 608 252 1326,United States,Wisconsin,Haas,27387,53785
103,Karine Fawcitt,118,Male,+1 915 241 7083,United States,Texas,Northview,7,79999
612,Logan Gauld,45,Male,+1 412 950 1296,United States,Pennsylvania,Sunfield,32,15235
774,Charlena Candlish,80,Female,+1 803 717 7787,United States,South Carolina,Loomis,8,29215
523,Denni Duchasteau,67,Female,+1 720 541 3103,United States,Colorado,Village Green,087,80223
14,Morie Rasor,32,Male,+1 786 286 6479,United States,Florida,Sachtjen,84098,33164
518,Brodie Goshawke,23,Female,+1 410 192 5211,United States,Maryland,Troy,32,20709
191,Rowan Jacobsen,52,Male,+1 651 293 8917,United States,Minnesota,Arapahoe,881,55172
608,Amble Chidwick,112,Agender,+1 505 733 0222,United States,New Mexico,Truax,7507,87190
150,Ursola Matushevitz,19,Female,+1 813 210 9489,United States,Florida,David,68,33661
641,Latashia Golsworthy,77,Female,+1 831 818 5551,United States,California,Stuart,9,93907
18,Allissa Creak,84,Male,+1 865 716 3932,United States,Tennessee,Marcy,0508,37924
428,Ambur Lippo,55,Female,+1 952 584 8097,United States,Minnesota,Basil,26751,55573
230,Aura Merriott,59,Female,+1 302 500 6792,United States,Delaware,Oneill,0525,19714
497,Yorgo Hegdonne,46,Female,+1 216 543 5772,United States,Ohio,Corry,60,44197
222,Marsiella Magowan,110,Female,+1 909 682 9640,United States,California,Logan,14364,92424
143,Rouvin Huncote,41,Male,+1 202 579 9626,United States,District of Columbia,Esch,657,20436
838,Arabele Light,46,Male,+1 816 893 0084,United States,Missouri,Ruskin,33,64125
191,Glynn Vella,91,Female,+1 832 209 3150,United States,Texas,Bay,05664,77493
760,Adrienne Wherrit,94,Male,+1 501 956 1496,United States,Arkansas,School,9,72215
378,Cass Cockshoot,74,Male,+1 718 784 3963,United States,New York,Paget,5851,11447
690,Pancho Bruins,33,Female,+1 415 354 1529,United States,California,Pond,2,94154
407,Emmeline Mazzeo,30,Male,+1 808 654 4989,United States,Hawaii,Bluejay,16515,96825
294,Hershel Marfell,48,Female,+1 518 291 2326,United States,New York,Fairfield,3783,12247
791,Neal McLean,68,Male,+1 916 545 4895,United States,California,Corscot,569,95865
614,Berget Millican,43,Female,+1 317 611 8658,United States,Indiana,Marcy,09,46254
365,Minor McHardy,97,Female,+1 215 250 2472,United States,Pennsylvania,Pearson,0,19178
156,Emmie McSherry,99,Male,+1 915 302 4397,United States,Texas,John Wall,32,79977
260,Josias Petegre,119,Male,+1 361 972 1946,United States,Texas,Doe Crossing,0,78465
857,Kean Mollett,115,Non-binary,+1 719 394 0220,United States,Colorado,Warbler,9,80925
157,Shepard Tuffey,48,Female,+1 512 988 6068,United States,Texas,Little Fleur,27492,78703
249,Rodrique Crayton,108,Female,+1 614 826 5842,United States,Ohio,Corry,709,43284
270,Gerri McGrane,96,Male,+1 313 901 7433,United States,Michigan,Boyd,05247,48267
709,Antonio Camilleri,99,Female,+1 303 326 5204,United States,Colorado,South,6,80270
481,Chloris Cruickshanks,70,Male,+1 970 257 8138,United States,Colorado,Westend,0,81505
924,Felecia Wollers,118,Female,+1 213 516 0704,United States,California,Stoughton,45712,90189
693,Virgina Lewzey,35,Male,+1 301 156 4524,United States,Maryland,Ridgeview,4620,20784
372,Coralie Gansbuhler,84,Male,+1 515 139 2877,United States,Iowa,Meadow Valley,37280,50310
563,Tonnie Neath,87,Male,+1 254 380 6126,United States,Texas,John Wall,521,76505
495,Stewart Attenborrow,60,Male,+1 509 249 6780,United States,Washington,Warrior,65,99215
265,Desiree Buckell,96,Female,+1 704 687 1849,United States,North Carolina,Hintze,979,28235
402,Jemimah Oppery,55,Female,+1 260 453 9988,United States,Indiana,Lighthouse Bay,32,46805
522,Skipton Topp,40,Male,+1 304 528 3981,United States,West Virginia,Hintze,8,25716
429,Lawton Andreou,119,Male,+1 302 103 9157,United States,Delaware,Forest,413,19810
718,Derrick Bridgland,30,Female,+1 202 796 3466,United States,District of Columbia,Graedel,58474,20205
430,Waly Ferryman,90,Male,+1 215 424 5223,United States,Pennsylvania,Vahlen,9,19093
734,Torie Spiby,86,Female,+1 646 269 2802,United States,New York,Columbus,593,10170
250,Byrle Perillo,29,Genderfluid,+1 917 944 7290,United States,New York,Logan,0013,10105
84,Shaina Spiteri,90,Male,+1 505 843 5381,United States,New Mexico,Cardinal,11239,87121
768,Cyrillus Woodburn,102,Agender,+1 206 296 7542,United States,Washington,Victoria,40284,98175
428,Nita Sime,50,Male,+1 907 527 3339,United States,Alaska,Fallview,2602,99507
799,Lurline Kennan,92,Bigender,+1 804 112 8272,United States,Virginia,Red Cloud,39,23225
110,Kelley Slingsby,93,Female,+1 504 142 0550,United States,Louisiana,Huxley,42776,70165
572,Anallise Skelington,95,Female,+1 907 536 0404,United States,Alaska,Raven,2718,99512
549,Edik Ferby,108,Male,+1 410 465 1223,United States,Maryland,Gulseth,392,21265
67,Warden Fullick,91,Male,+1 407 584 2658,United States,Florida,Delaware,7205,32808
557,Nissy Lamberts,119,Male,+1 312 452 0310,United States,Illinois,Transport,65,60697
175,Pammie Stiger,53,Male,+1 330 713 2170,United States,Ohio,Stone Corner,79449,44710
346,Clair Abramovic,111,Female,+1 952 518 4521,United States,Minnesota,Kedzie,43,55573
526,Yalonda Ishak,50,Female,+1 806 765 0915,United States,Texas,Lindbergh,112,79415
684,Conway Pieterick,55,Male,+1 704 560 9979,United States,North Carolina,Eliot,752,27105
438,Floyd Lenglet,89,Female,+1 469 169 8398,United States,Texas,Golden Leaf,86,75062
823,Joete Repper,23,Male,+1 254 704 7535,United States,Texas,Sullivan,9,76544
281,Bastien Slocom,38,Female,+1 561 448 6354,United States,Florida,Pepper Wood,264,33064
577,Hermon Bachura,89,Female,+1 734 598 4865,United States,Michigan,Carberry,36,48107
509,Betsey Gritsaev,34,Female,+1 405 262 7726,United States,Oklahoma,Fairfield,6,73190
117,Lacey Offener,100,Male,+1 402 459 1448,United States,Nebraska,Johnson,771,68505
196,Wilt Scola,113,Female,+1 850 990 2051,United States,Florida,Kennedy,207,32520
345,Haskell Bisiker,51,Male,+1 212 739 6003,United States,New York,Talisman,81995,10120
488,Stafani Clemmen,30,Male,+1 832 403 0336,United States,Texas,Hagan,71962,77060
807,Foss Deesly,41,Genderqueer,+1 386 704 4796,United States,Florida,Luster,83162,32123
209,Marisa Redsell,79,Agender,+1 803 536 8655,United States,South Carolina,Hovde,3007,29225
838,Cletis Eagleton,73,Female,+1 816 564 5133,United States,Missouri,Havey,768,64199
70,Lelah Nel,28,Polygender,+1 205 752 6836,United States,Alabama,Barnett,6916,35279
750,Violette Chaimson,69,Male,+1 410 510 7913,United States,Maryland,Evergreen,2,21239
707,Holli Busst,59,Female,+1 317 578 4150,United States,Indiana,Farragut,093,46278
404,Kellie Folbig,104,Male,+1 559 282 8124,United States,California,Stone Corner,898,93778
944,Morty Mabson,96,Female,+1 832 755 8880,United States,Texas,Surrey,0,77065
349,Etan Salkild,36,Male,+1 682 785 4813,United States,Texas,Sachtjen,7,76115
491,Farrell Crates,45,Female,+1 803 692 4227,United States,South Carolina,Main,1968,29203
460,Florence Tolcher,41,Male,+1 208 351 8912,United States,Idaho,Dottie,11,83727
940,Alexa Bickerstaff,86,Male,+1 210 307 4953,United States,Texas,Red Cloud,909,78291
141,Ezri Hanley,55,Female,+1 361 337 3472,United States,Texas,Cody,1198,78475
242,Waldo Chasmer,77,Non-binary,+1 719 494 9028,United States,Colorado,Graedel,209,80930
117,Kara Durden,116,Female,+1 602 225 1203,United States,Arizona,6th,53,85030
743,Greggory Enders,29,Female,+1 209 406 0866,United States,California,Express,099,95397
43,Sammy Van Hove,21,Male,+1 314 936 2721,United States,Missouri,Nelson,93,63150
395,Piotr Cominotti,102,Male,+1 414 379 2131,United States,Wisconsin,Larry,421,53215
675,Oren Ruprecht,81,Male,+1 586 103 9324,United States,Michigan,Bellgrove,1346,48092
847,Cleopatra Goodluck,80,Female,+1 719 719 6631,United States,Colorado,Pepper Wood,8709,80945
707,Ashton Menezes,42,Male,+1 716 228 0060,United States,New York,Parkside,6,14263
52,Arnoldo McTrustrie,24,Male,+1 916 659 6450,United States,California,Monica,316,94207
852,Marshal Lathy,66,Female,+1 205 208 5792,United States,Alabama,Roth,63443,35205
313,Nicolas Giroldi,99,Female,+1 602 599 9130,United States,Arizona,Clove,68459,85083
671,Julia Gordon,106,Female,+1 202 756 5943,United States,District of Columbia,Lillian,333,20397
759,Astrix Bimson,104,Male,+1 910 159 0088,United States,North Carolina,Debra,5720,28314
307,Arturo Curnnok,23,Male,+1 801 944 1517,United States,Utah,American,208,84130
427,Ralf Burkill,19,Male,+1 806 792 6424,United States,Texas,Hollow Ridge,03940,79165
195,Noelyn Brandt,37,Male,+1 210 406 7821,United States,Texas,Elmside,67426,78296
368,Lilian McLaverty,101,Non-binary,+1 865 685 0125,United States,Tennessee,Upham,34763,37939
624,Kathleen Jandourek,92,Male,+1 626 978 5051,United States,California,Lakewood,24,91841
778,Engracia Boulden,83,Female,+1 510 211 2551,United States,California,Merchant,45,94605
472,Teena Hardes,76,Male,+1 719 426 5167,United States,Colorado,Longview,0501,81015
181,Emmett Udie,108,Male,+1 214 728 0455,United States,Texas,Morning,7730,75342
394,Dorelia Jurczik,48,Female,+1 913 489 2583,United States,Kansas,John Wall,0,66276
384,Tine Sivell,52,Female,+1 502 573 0486,United States,Kentucky,Del Mar,0,40250
115,Holt Solloway,109,Female,+1 915 794 6541,United States,Texas,Longview,21781,88519
948,Madelon Beceril,38,Male,+1 702 865 6760,United States,Nevada,Warner,24820,89087
182,Deeyn Carrett,34,Bigender,+1 334 427 6868,United States,Alabama,Sachtjen,36026,36134
578,Shadow Ruslin,27,Female,+1 318 497 9226,United States,Louisiana,Nobel,61623,71105
265,Sigvard Thornber,37,Female,+1 601 824 3818,United States,Mississippi,Prentice,0,39236
239,Doti Kinnerk,80,Male,+1 860 797 3946,United States,Connecticut,Melody,364,06145
808,Bartie Wormleighton,84,Female,+1 615 712 6172,United States,Tennessee,Delladonna,17,38104
459,Dov Caberas,28,Female,+1 515 286 3955,United States,Iowa,Elmside,36,50362
578,Hollie Patrie,50,Male,+1 303 984 4949,United States,Colorado,Pond,3541,80291
901,Rourke Van der Spohr,52,Female,+1 512 561 3551,United States,Texas,Cody,191,78778
215,Boris Harce,69,Female,+1 518 510 4020,United States,New York,Grayhawk,30539,12247
932,Mal Foggo,76,Female,+1 513 853 5328,United States,Ohio,Prairie Rose,8,45264
810,Mellisent Matoshin,65,Female,+1 404 778 5672,United States,Georgia,Milwaukee,5,30358
151,Vivi Arnfield,57,Female,+1 704 751 9582,United States,North Carolina,Birchwood,0,28055
359,Sal Roskrug,63,Female,+1 312 249 2412,United States,Illinois,Ridgeway,14,60674
264,Ezekiel Tanser,90,Male,+1 615 526 2599,United States,Tennessee,Randy,3,37245
394,Marcello Brewins,31,Female,+1 337 761 6691,United States,Louisiana,Delaware,47097,70607
606,Kristian Tichner,20,Genderfluid,+1 215 186 0801,United States,Pennsylvania,Prairie Rose,4958,19131
887,Natassia Dolphin,95,Male,+1 561 358 9971,United States,Florida,Brentwood,58303,33499
683,Minna Walbrook,107,Female,+1 281 968 1368,United States,Texas,Portage,3506,77060
653,Harper Farris,81,Polygender,+1 318 384 8227,United States,Louisiana,Lake View,4503,71130
800,Cristi Hadley,52,Female,+1 972 816 7032,United States,Texas,Pepper Wood,652,75221
330,Matthias Laden,29,Agender,+1 678 151 1271,United States,Georgia,Nevada,5901,30301
721,Gael Scolland,47,Female,+1 602 306 9091,United States,Arizona,Kingsford,42572,85025
917,Elbertina Portail,91,Female,+1 415 778 6443,United States,California,6th,2,94164
410,Arie Kinforth,24,Male,+1 919 345 7594,United States,North Carolina,Springview,8949,27621
414,Vannie Greggor,119,Female,+1 650 208 4793,United States,California,Charing Cross,22512,95113
924,Thebault Triner,107,Female,+1 513 954 8297,United States,Ohio,Stuart,61,45223
493,Claudina Goff,54,Male,+1 505 488 6870,United States,New Mexico,Prairieview,4,87592
318,Katerine Gravenall,24,Polygender,+1 202 656 4179,United States,District of Columbia,Manitowish,24097,20046
39,Rosco Rapkins,63,Female,+1 916 747 8619,United States,California,Forest Run,9150,94297
253,Harper Dolden,97,Male,+1 302 705 8820,United States,Delaware,Fair Oaks,582,19810
49,Fae Levitt,104,Female,+1 915 605 2893,United States,Texas,Northwestern,4406,79911
416,Thaxter Digle,94,Male,+1 913 668 2345,United States,Kansas,Green Ridge,82,66160
719,Antoinette Kleinhaut,105,Male,+1 504 108 6968,United States,Louisiana,Huxley,07390,70160
284,Ruperta Kellog,42,Female,+1 302 403 9899,United States,Delaware,Bunting,6795,19714
249,Edlin Crumbleholme,34,Female,+1 724 812 4896,United States,Pennsylvania,Merry,26369,15205
413,Heida Batty,78,Male,+1 254 619 0040,United States,Texas,Mandrake,3,76505
106,Sheena Laux,40,Female,+1 253 753 0962,United States,Washington,Katie,1125,98424
687,Maurise Pankhurst.,19,Female,+1 713 530 4615,United States,Texas,Utah,9329,77250
141,Toby Sandhill,48,Male,+1 318 450 6328,United States,Louisiana,Lindbergh,2,71166
736,Merlina Joska,21,Male,+1 970 131 8757,United States,Colorado,Anniversary,6,80525
443,Minta  Eye,39,Female,+1 818 696 9572,United States,California,Sullivan,4,91205
916,Uriel Orrey,75,Female,+1 714 288 0217,United States,California,Prairieview,4,92710
352,Annie Stave,88,Female,+1 512 708 7588,United States,Texas,Redwing,6183,78789
780,Diego Habershaw,48,Polygender,+1 813 487 0064,United States,Florida,Pawling,79983,33686
338,Cirillo Brownett,44,Male,+1 310 514 5749,United States,California,Utah,17,90010
470,Khalil Murty,106,Male,+1 605 659 7418,United States,South Dakota,Bultman,536,57193
559,Gwendolen Timms,53,Polygender,+1 352 559 7091,United States,Florida,Jackson,3,34605
940,Willie Brownett,107,Female,+1 202 814 4088,United States,District of Columbia,Cottonwood,697,20010
262,Odille Verbeek,55,Female,+1 304 166 4207,United States,West Virginia,Artisan,60,25356
665,Deni Shovelin,85,Female,+1 323 248 5448,United States,California,Eastlawn,1111,91411
29,Carroll Kinningley,88,Male,+1 469 718 7143,United States,Texas,American,183,75287
240,Hanson Lafayette,103,Male,+1 509 153 6091,United States,Washington,Prairie Rose,9,99220
617,Sheffield Towle,50,Female,+1 251 120 4380,United States,Alabama,Gina,8,36689
2,Salaidh Grimster,118,Female,+1 407 470 3289,United States,Florida,Kenwood,3,34745
881,Piggy Clink,30,Female,+1 330 540 0287,United States,Ohio,4th,195,44310
193,Meredith Chue,99,Male,+1 518 717 4175,United States,New York,Morrow,83,12247
172,Konstance Wroughton,49,Female,+1 318 135 8782,United States,Louisiana,Gulseth,76,71130
72,Theodosia Faveryear,72,Female,+1 212 613 8144,United States,New York,Oneill,847,10160
190,Anett Anstie,110,Male,+1 281 404 9630,United States,Texas,Garrison,7911,77035
753,Iosep Gavriel,66,Female,+1 706 580 8922,United States,Georgia,Lighthouse Bay,32,30130
800,Schuyler Goodison,19,Female,+1 808 669 6641,United States,Hawaii,Kensington,0,96840
740,Floris Shortt,85,Female,+1 704 212 0722,United States,North Carolina,Merrick,180,28242
763,Ottilie Pentlow,41,Male,+1 704 408 9129,United States,North Carolina,Jenna,5302,28242
625,Alexandro Heningham,71,Male,+1 801 146 5567,United States,Utah,Karstens,8871,84110
72,Abeu Kilmartin,31,Male,+1 312 270 4355,United States,Illinois,Saint Paul,613,60663
888,Michele Laxon,32,Male,+1 407 999 6987,United States,Florida,Dexter,43,32825
292,Joelie Schukraft,66,Female,+1 206 885 6955,United States,Washington,Mallory,22680,98424
709,Gilligan Percival,120,Female,+1 520 427 6738,United States,Arizona,Darwin,6669,85748
302,Ambrosio Nappin,70,Male,+1 806 662 2047,United States,Texas,Anniversary,106,79159
879,Selia Renhard,67,Male,+1 970 679 2647,United States,Colorado,Utah,967,80638
733,Tish Rankling,22,Male,+1 202 579 5430,United States,Virginia,Golf Course,777,22301
875,Gian Drayn,100,Male,+1 440 218 0907,United States,Ohio,Loftsgordon,79960,44177
514,Oneida Mazzia,80,Male,+1 949 861 8729,United States,California,Toban,84,92619
823,Tasia Gouthier,66,Female,+1 901 469 9389,United States,Tennessee,Nobel,75,38161
294,Blaine Normant,22,Male,+1 970 897 1190,United States,Colorado,Carberry,8,81505
349,Salomi Heard,73,Male,+1 302 188 4659,United States,Delaware,Bunting,59436,19725
831,Fairleigh Hazelton,88,Male,+1 304 664 2356,United States,West Virginia,Doe Crossing,03,25726
292,Erina Connow,59,Female,+1 405 182 0171,United States,Oklahoma,Derek,77,73173
871,Celestina Orsay,37,Male,+1 754 771 5184,United States,Florida,Granby,93,33310
413,Dulcie Guildford,53,Female,+1 480 779 2708,United States,Arizona,Redwing,7493,85284
495,Creight Albutt,44,Female,+1 701 230 1318,United States,North Dakota,Pepper Wood,723,58122
285,Lilah Slides,96,Male,+1 626 436 7194,United States,California,Oak Valley,8,91186
558,Carolann Tebbutt,112,Male,+1 928 593 7341,United States,Arizona,Hoffman,76,85383
881,Eddy Fisbey,69,Female,+1 615 639 2629,United States,Tennessee,Burning Wood,601,37210
905,Delbert Lathleiff,57,Female,+1 312 147 2341,United States,Illinois,Gateway,72672,60652
868,Nathanael Head,99,Male,+1 215 813 3687,United States,Pennsylvania,Dryden,688,19191
779,Thaine Kitchingman,89,Male,+1 713 788 2590,United States,Texas,Mayer,47,77276
503,Niel Riseborough,98,Male,+1 808 893 1749,United States,Hawaii,Oriole,75,96845
584,Brittne Brezlaw,101,Female,+1 904 304 0256,United States,Florida,Pepper Wood,481,32220
544,Jermaine Lacheze,119,Polygender,+1 856 704 0936,United States,New Jersey,Rowland,6144,08104
906,Nelia Raith,85,Male,+1 816 770 2693,United States,Missouri,Schurz,65,64144
326,Granthem Monery,72,Female,+1 904 115 5303,United States,Florida,Porter,525,32215
89,Jobyna Malec,28,Male,+1 412 863 4455,United States,Pennsylvania,Clyde Gallagher,9,15235
593,Sibylle Dufour,63,Female,+1 903 330 9588,United States,Texas,Pine View,8934,75507
331,Tiebout Frean,108,Male,+1 650 934 4898,United States,California,Transport,28276,90045
77,Myca Whitnell,64,Female,+1 303 717 3328,United States,Colorado,Canary,145,80262
178,Hadria Gillespey,60,Female,+1 330 851 3346,United States,Ohio,Maple Wood,53894,44315
572,Tedmund Pauncefort,42,Male,+1 469 576 9191,United States,Texas,Sommers,15127,75216
171,Denice Mitrikhin,88,Male,+1 240 157 8513,United States,Maryland,Haas,1,20883
528,Daron Seegar,88,Genderfluid,+1 303 541 4194,United States,Colorado,Bunting,43,80305
563,Meagan Ranaghan,58,Male,+1 785 114 6229,United States,Kansas,Northland,98,66642
478,Aubrey Pietroni,114,Female,+1 720 608 9101,United States,Colorado,Moland,6,80204
517,Elissa Kellett,49,Female,+1 775 463 7120,United States,Nevada,Montana,54,89595
516,Clemmy Muffitt,83,Female,+1 508 855 8019,United States,Massachusetts,Stone Corner,07,02745
721,Nikki Wynrehame,44,Female,+1 305 877 3422,United States,Florida,Arkansas,8163,33158
1,Tony Fludgate,104,Male,+1 775 950 7308,United States,Nevada,Monica,0,89505
457,Judah Bearcroft,100,Male,+1 469 955 2327,United States,Texas,Lillian,2316,75205
615,Maressa Foote,105,Female,+1 304 737 2084,United States,West Virginia,Shopko,52,25705
131,Isabel Leatherborrow,115,Female,+1 480 229 4912,United States,Arizona,Erie,17888,85219
679,Sherwin Goady,48,Female,+1 312 204 1137,United States,Illinois,Veith,59899,60674
887,Cynthia Banner,30,Female,+1 316 464 2284,United States,Kansas,6th,20,67215
1,Ezechiel Passion,49,Male,+1 202 760 7506,United States,District of Columbia,Springs,566,20268
677,Shirleen Turmell,32,Male,+1 850 793 6559,United States,Florida,Kropf,51345,34665
19,Giorgia Bimson,86,Male,+1 817 957 2295,United States,Texas,Ludington,3999,76110
369,Bryant Ketley,54,Female,+1 915 425 0384,United States,Texas,Steensland,4,79989
157,Tiff Eagleton,34,Female,+1 574 487 3857,United States,Indiana,Crescent Oaks,2678,46699
694,Bobette Jerome,25,Female,+1 254 964 8436,United States,Texas,Chive,065,76705
857,Allis Linnane,65,Female,+1 813 443 0711,United States,Florida,Brickson Park,7,33633
931,Anette Meth,34,Male,+1 574 473 5542,United States,Indiana,Talisman,3,46614
104,Marna Enos,106,Male,+1 312 794 2277,United States,Illinois,Towne,1,60663
755,Sauncho MacVean,55,Male,+1 317 140 7336,United States,Indiana,Duke,563,46254
691,Free Francello,112,Male,+1 202 993 3772,United States,District of Columbia,Corscot,7130,20520
421,Had Kleis,91,Female,+1 248 358 7490,United States,Michigan,Marcy,7,48242
562,El Pantry,44,Male,+1 214 890 1128,United States,Texas,Merchant,856,75241
700,Mario Ameer-Beg,44,Female,+1 973 210 1492,United States,New Jersey,Duke,00,07310
877,Sebastien Mallalieu,75,Male,+1 305 492 8077,United States,Florida,Carpenter,321,33023
799,Giacobo Swinglehurst,83,Male,+1 256 760 2087,United States,Alabama,Redwing,0,35895
645,Ray Dorkens,52,Female,+1 763 113 1217,United States,Minnesota,Dexter,83,55115
620,Corenda Meddings,101,Female,+1 813 153 8405,United States,Florida,Helena,79,33543
46,Tandy Trevarthen,68,Male,+1 215 881 0983,United States,Pennsylvania,Summerview,20,19172
254,Tim Whisker,106,Female,+1 954 514 0420,United States,Florida,Northview,49,33305
283,Munroe Teaze,54,Female,+1 832 232 2758,United States,Texas,Farmco,78815,77010
392,Paulina McSpirron,107,Female,+1 954 811 4648,United States,Florida,Fallview,5979,33330
817,Lois Melby,91,Male,+1 208 428 9560,United States,Idaho,Spaight,5,83711
656,Hendrik Meggison,106,Male,+1 334 405 6363,United States,Alabama,Charing Cross,31,36109
5,Petrina Scoyne,63,Male,+1 915 328 2156,United States,Texas,Farragut,5,88579
235,Wandis Brandreth,21,Male,+1 918 217 4810,United States,Oklahoma,Pawling,5790,74103
585,Shaylynn Fillingham,117,Female,+1 781 406 9684,United States,Massachusetts,Di Loreto,78,01905
19,Constantina Woolbrook,93,Female,+1 719 307 8852,United States,Colorado,La Follette,856,80951
590,Cookie Greschke,41,Male,+1 562 869 2590,United States,California,Katie,414,90610
455,Dillie Eley,41,Female,+1 570 146 0829,United States,Pennsylvania,Oriole,10,18706
713,Arvie Ivanonko,113,Male,+1 304 377 9789,United States,West Virginia,Crownhardt,1440,25362
44,Mick Longfellow,27,Female,+1 319 484 6546,United States,Iowa,Sage,229,52405
605,Jae Singh,108,Male,+1 504 332 2177,United States,Louisiana,Holy Cross,423,70142
616,Virgilio Hearnes,40,Bigender,+1 316 683 4327,United States,Kansas,Crowley,84,67205
805,Brenden Atter,56,Male,+1 513 361 4016,United States,Ohio,Fuller,82,45208
949,Devondra Wingrove,46,Female,+1 757 463 3758,United States,Virginia,Fallview,2,23436
812,Neille Stanton,70,Female,+1 313 982 4961,United States,Michigan,Dryden,44434,48295
197,Zak Baud,21,Male,+1 478 789 8489,United States,Georgia,Esch,1593,31296
938,Kamila Sissland,41,Female,+1 405 663 7815,United States,Oklahoma,Cascade,440,73152
191,Carlie Bibb,50,Female,+1 208 953 9468,United States,Idaho,Esch,3,83405
941,Louella Jellyman,96,Male,+1 903 383 9067,United States,Texas,Harper,32,75507
549,Ferdinand Blakeley,114,Female,+1 816 119 3427,United States,Missouri,Kim,75978,64199
405,Toinette Chaffe,40,Female,+1 865 526 1329,United States,Tennessee,Spohn,0541,37931
594,Tish Hanlon,72,Female,+1 210 189 9211,United States,Texas,Darwin,0168,78250
877,Jolene McKeevers,114,Male,+1 804 719 2759,United States,Virginia,Anzinger,0,23237
259,Jennine Warrick,71,Male,+1 215 656 4596,United States,Pennsylvania,Grover,3407,19160
501,Delphine Smickle,110,Male,+1 203 380 5864,United States,Connecticut,Straubel,85,06854
199,Bibby Catchpole,19,Female,+1 234 156 1011,United States,Ohio,Troy,3665,44760
267,Dahlia Yeldon,31,Agender,+1 239 512 7423,United States,Florida,Moland,8,33963
62,Glenine Northern,31,Male,+1 320 680 9005,United States,Minnesota,Scofield,23,56398
894,Kyle Ginnety,87,Male,+1 210 286 9450,United States,Texas,Dayton,62183,78225
782,Blinny Farress,58,Male,+1 360 628 0927,United States,Washington,Washington,255,98687
302,Malva Kopta,64,Female,+1 314 913 5863,United States,Missouri,Laurel,1,63104
948,Nickolai Harlick,67,Female,+1 408 795 2521,United States,California,Anderson,9,95150
449,Arda Grigoletti,103,Male,+1 626 709 3284,United States,California,Novick,826,91199
466,Brodie Tire,55,Male,+1 609 578 8058,United States,New Jersey,North,9,08638
936,Shaw Thew,83,Male,+1 801 670 6501,United States,Utah,Vera,40702,84403
206,Enrico Coombs,106,Female,+1 651 304 0927,United States,Minnesota,Forster,7248,55188
35,Georgia Widdicombe,109,Male,+1 205 835 3214,United States,Alabama,Forster,34990,35225
143,Inessa Laite,18,Male,+1 602 689 4693,United States,Arizona,Sunfield,560,85205
746,Yolande Cable,26,Male,+1 918 192 1411,United States,Oklahoma,Dunning,20323,74149
252,Christa Bulger,42,Female,+1 716 897 7038,United States,New York,Westerfield,8904,14220
822,Chrissie Gallamore,26,Female,+1 864 135 3845,United States,South Carolina,Little Fleur,2,29610
779,Philippa Strelitzki,114,Female,+1 915 595 1731,United States,Texas,Bartillon,894,79911
592,Gerianna Ilewicz,97,Male,+1 214 775 0188,United States,Texas,Chive,1,75221
422,Angie Ragge,34,Female,+1 413 901 7843,United States,Massachusetts,Ilene,02,01114
732,Fredericka Cundict,105,Female,+1 212 894 8922,United States,New York,Fallview,0255,11431
588,Lorita Briscam,86,Male,+1 310 340 3787,United States,California,Rigney,120,90025
685,Siegfried Sherme,71,Female,+1 505 356 3763,United States,New Mexico,Montana,31,88006
240,Horten Blinder,44,Female,+1 706 140 5663,United States,Georgia,Hermina,395,31914
236,Ole Wigley,78,Female,+1 915 666 3123,United States,Texas,Nevada,76288,79950
563,Merola Longfoot,34,Male,+1 316 230 3514,United States,Kansas,Clarendon,6830,67210
727,Reinhold Lauks,32,Female,+1 646 788 2446,United States,New York,Kingsford,34818,10034
131,Royall Varden,105,Male,+1 408 990 8771,United States,California,Declaration,50641,95155
511,Cassi Bocken,63,Female,+1 205 252 8931,United States,Alabama,Redwing,4,35231
684,Korry Imlen,76,Male,+1 352 969 0604,United States,Florida,Quincy,2,32605
713,Killy Pesterfield,101,Male,+1 601 311 9029,United States,Mississippi,Ruskin,3215,39404
184,Corey Mote,33,Female,+1 952 670 8596,United States,Minnesota,Larry,104,55551
439,Eba Willavize,56,Female,+1 619 906 5107,United States,California,Lake View,62,92186
231,Magdalena Birds,70,Female,+1 248 850 6936,United States,Michigan,Vernon,61,48335
635,Lorrie Pifford,90,Female,+1 720 325 0897,United States,Colorado,Shelley,766,80255
374,Cello Poulett,34,Female,+1 303 156 9471,United States,Colorado,Little Fleur,94988,80279
195,Jackson Rosten,74,Female,+1 415 843 7118,United States,California,Anderson,6867,94137
782,Cal Benning,91,Male,+1 334 457 4987,United States,Alabama,Victoria,68,36109
776,Esra Roches,111,Female,+1 434 583 4014,United States,Virginia,Corry,7605,24503
185,Vlad Retallick,36,Male,+1 813 248 3012,United States,Florida,Morning,84137,33543
98,Saidee Gainsford,67,Male,+1 202 161 7726,United States,District of Columbia,Corscot,7919,20456
356,Hillary Aronstein,56,Female,+1 408 394 4841,United States,California,Hoepker,6281,95160
118,Katlin Edgington,35,Male,+1 714 548 0792,United States,California,Division,0,92835
253,Travus Redihough,42,Female,+1 205 194 1417,United States,Alabama,Shopko,8,35236
260,Alan Govett,66,Female,+1 202 535 1961,United States,District of Columbia,Chinook,5321,20319
274,Durand Rannie,94,Female,+1 502 299 4077,United States,Kentucky,Ludington,478,40215
902,Tobey Sifleet,81,Male,+1 570 623 7950,United States,Pennsylvania,Gulseth,9,18505
50,Cahra Needs,32,Male,+1 702 576 1234,United States,Nevada,Hintze,32296,89087
817,Harris Sea,29,Genderfluid,+1 918 569 4243,United States,Oklahoma,Transport,644,74116
545,Gennie Cleef,116,Male,+1 608 376 6056,United States,Wisconsin,Bluejay,3437,53716
880,Joli Grafton-Herbert,45,Female,+1 321 537 3953,United States,Florida,Linden,2170,32835
557,Regan Valett,69,Female,+1 859 653 2692,United States,Kentucky,Anderson,1,40591
656,Simmonds Kubin,26,Female,+1 678 664 2415,United States,Georgia,Hoard,57,30092
442,Anabelle Gyde,98,Female,+1 203 294 6747,United States,Connecticut,Dovetail,27144,06726
464,Melosa Sacker,85,Male,+1 217 401 3361,United States,Illinois,Cascade,344,62776
740,Arlie Harrington,75,Male,+1 719 615 6729,United States,Colorado,Granby,329,80945
419,Eduard Stonard,99,Female,+1 918 246 8542,United States,Oklahoma,Comanche,889,74116
724,Allin Willmott,72,Female,+1 502 583 9849,United States,Kentucky,Fairview,54039,40266
4,Modesty Guinery,114,Male,+1 480 618 5660,United States,Arizona,6th,650,85020
633,Michelle Hatch,53,Female,+1 414 505 9965,United States,Wisconsin,Talmadge,54707,53285
402,Napoleon Boyfield,113,Male,+1 915 743 2542,United States,Texas,3rd,29102,88525
213,Gussie Bonas,71,Male,+1 919 287 8854,United States,North Carolina,Northridge,9720,27635
692,Devy Bunny,43,Female,+1 727 830 3664,United States,Florida,Everett,94,33731
407,Brear Fish,73,Female,+1 319 299 7689,United States,Iowa,Arrowood,91043,52410
182,Riane Custed,40,Male,+1 512 403 6716,United States,Texas,Blackbird,13,78754
769,Darsie Code,106,Female,+1 806 140 1607,United States,Texas,Farwell,2,79159
849,Conant Tuerena,19,Male,+1 828 193 6223,United States,North Carolina,Hollow Ridge,6681,28815
493,Phillipp Stiell,51,Female,+1 203 722 4076,United States,Connecticut,Green,93463,06105
509,Tova Duiguid,111,Bigender,+1 404 722 8847,United States,Georgia,Vidon,9,31196
790,Alasteir Abrahamian,85,Male,+1 407 227 1961,United States,Florida,Columbus,74694,32803
599,Corny Biddleston,36,Male,+1 410 835 9887,United States,Maryland,Prairie Rose,045,20709
891,Bobinette Stowe,75,Male,+1 339 366 0097,United States,Massachusetts,Rusk,08626,01905
70,Herschel Fairburn,90,Female,+1 248 440 0682,United States,Michigan,Dakota,2,48335
426,Courtnay Snowling,81,Female,+1 614 711 0845,United States,Ohio,Northfield,0,43284
658,Lindsey Briscam,98,Female,+1 415 953 0603,United States,California,Monument,45173,94142
92,Ferdinand Casewell,120,Male,+1 402 933 8611,United States,Nebraska,Tennessee,03576,68105
157,Janek Medlar,42,Female,+1 509 315 9137,United States,Washington,Dahle,39467,99210
467,Ella Thwaites,86,Male,+1 213 594 6385,United States,California,Hanover,883,91499
118,Lulita Clyma,39,Female,+1 806 984 3317,United States,Texas,Monterey,2145,79405
791,Julia Rimes,84,Male,+1 202 456 6448,United States,District of Columbia,Milwaukee,27,20051
59,Roland Woodroofe,60,Female,+1 415 717 9631,United States,California,Pawling,0168,94159
807,Henrietta Summerlad,34,Male,+1 219 250 0130,United States,Indiana,Luster,267,46406
62,Rozella Gillon,112,Female,+1 914 282 4673,United States,New York,Elgar,452,10310
391,Bartlett Sweett,119,Female,+1 612 466 1173,United States,Minnesota,Lunder,83,55487
793,Shurwood Allewell,86,Male,+1 303 824 4518,United States,Colorado,Eagan,7235,80270
414,Bernie MacDaid,100,Female,+1 817 312 1386,United States,Texas,Rusk,5,76134
92,Edd Meeking,25,Bigender,+1 623 326 3109,United States,Arizona,Almo,6,85015
637,Rozalin Mora,25,Female,+1 716 676 1726,United States,New York,Mccormick,65,14210
226,Tybi Wogden,103,Female,+1 405 900 2275,United States,Oklahoma,Bluestem,111,73152
350,Mei Hamblin,114,Non-binary,+1 513 343 7667,United States,Ohio,Corry,610,45264
893,Brandy Benedikt,33,Male,+1 601 477 9646,United States,Mississippi,Northview,27079,39282
54,Abdul Knowller,72,Male,+1 509 448 0327,United States,Washington,Pierstorff,222,99260
546,Muhammad Iston,89,Male,+1 304 398 5596,United States,West Virginia,Barnett,3,25705
543,Merrielle Stepney,52,Female,+1 406 932 5291,United States,Montana,Forest Dale,157,59112
418,Penny Lerego,20,Non-binary,+1 609 334 6027,United States,New Jersey,Sloan,3,08695
878,Ardelle Tewnion,112,Female,+1 949 941 4191,United States,California,Green Ridge,870,92805
747,Berty Parlett,115,Female,+1 231 432 0301,United States,Michigan,Longview,32373,49444
433,Nicolea Mauvin,25,Male,+1 310 410 9183,United States,California,Jenna,868,90405
46,Giacomo Yuill,68,Female,+1 212 248 9485,United States,New York,Waxwing,42505,10090
396,Mellisa Boddie,77,Female,+1 337 594 6287,United States,Louisiana,Bellgrove,00,70616
280,Vernon Cleyne,58,Female,+1 203 838 4958,United States,Connecticut,Rigney,9,06912
68,Blane Petrusch,41,Male,+1 205 975 2015,United States,Alabama,Crest Line,0564,35242
259,Lucienne Huggen,39,Male,+1 914 935 6700,United States,New York,Old Gate,255,10557
718,Gan Blease,96,Female,+1 434 838 4154,United States,Virginia,Pennsylvania,79,24503
844,Ardelia Gingel,29,Male,+1 303 129 7736,United States,Colorado,Rieder,458,80262
505,Rudolfo Rosenberg,32,Female,+1 253 434 8207,United States,Washington,Autumn Leaf,468,98498
768,Tades Meiningen,97,Male,+1 202 250 4311,United States,District of Columbia,Summerview,83,20029
60,Zandra Teligin,20,Female,+1 602 940 1477,United States,Arizona,Morrow,18615,85062
38,Jeremias Neggrini,109,Female,+1 414 774 4115,United States,Wisconsin,Moulton,2569,53234
459,Xever Downing,85,Male,+1 360 967 9278,United States,Washington,Gale,6129,98104
21,Kittie Gennings,46,Male,+1 570 598 4233,United States,Pennsylvania,Susan,7,18706
57,Harlin Broxholme,65,Female,+1 501 214 6013,United States,Arkansas,Fairfield,48133,72215
215,Elfreda Summersett,102,Female,+1 337 961 6150,United States,Louisiana,Sauthoff,93,70616
522,Eula Ramel,75,Female,+1 202 230 3725,United States,District of Columbia,Dahle,0332,20226
54,Curt Brockington,119,Male,+1 760 852 9692,United States,California,Dixon,411,92415
339,Carlyle Wheble,42,Female,+1 802 828 1198,United States,Vermont,Mayer,633,05609
687,Freeland Edmondson,83,Male,+1 913 169 3506,United States,Kansas,Loftsgordon,791,66276
213,Lolly Sier,25,Female,+1 407 804 1393,United States,Florida,Dixon,45,33884
560,Pegeen Kenwrick,28,Male,+1 717 996 1032,United States,Pennsylvania,Longview,108,17140
462,Gilda Blandamere,49,Non-binary,+1 262 536 6890,United States,Wisconsin,Weeping Birch,866,53210
664,Keri McIlhatton,28,Male,+1 720 733 4882,United States,Colorado,Beilfuss,12,80127
943,Irita Currigan,22,Male,+1 754 501 6376,United States,Florida,Hallows,5,33336
13,Sheppard Woolatt,29,Female,+1 719 625 1662,United States,Colorado,School,8173,81015
738,Elton Trowill,25,Male,+1 530 394 1132,United States,California,1st,28,96154
739,Philipa Selland,79,Male,+1 317 998 1301,United States,Indiana,Green Ridge,816,46207
844,Matias Tockell,87,Male,+1 806 938 4108,United States,Texas,Monica,8,79171
181,Hynda Carbine,56,Female,+1 937 976 1590,United States,Ohio,Valley Edge,278,45505
415,Laney Elkington,55,Female,+1 937 273 1127,United States,Ohio,Kennedy,763,45426
467,Genni Ianno,58,Male,+1 540 433 6772,United States,Virginia,John Wall,7,23225
381,Mohammed Mothersdale,81,Female,+1 203 567 9492,United States,Connecticut,Bartillon,90746,06854
199,Sheffy Herries,65,Female,+1 803 494 8550,United States,South Carolina,Bayside,587,29208
718,Vania Edser,68,Male,+1 704 947 8117,United States,North Carolina,Packers,9,28263
49,Bert Hanne,40,Male,+1 240 628 0462,United States,Maryland,Ohio,388,21705
939,Maria Issacov,25,Male,+1 305 943 0353,United States,Florida,Schlimgen,94116,33018
273,Rosemaria Pomeroy,108,Non-binary,+1 713 165 8295,United States,Texas,Pierstorff,4,77090
703,Joete Greep,118,Female,+1 615 445 1163,United States,Tennessee,East,62,37235
912,Christie Soame,66,Female,+1 727 251 9175,United States,Florida,Myrtle,712,33777
818,Jacquenette Brattell,110,Male,+1 503 565 3851,United States,Oregon,Dovetail,80,97306
747,Jeralee Shrimplin,91,Female,+1 321 815 5785,United States,Florida,Sauthoff,1,32941
562,Chrysa Kauble,26,Male,+1 619 679 6254,United States,California,Veith,4040,92191
465,Keary Roxby,114,Male,+1 806 806 5276,United States,Texas,Iowa,1,79415
224,Truman Episcopi,66,Male,+1 573 872 7405,United States,Missouri,Barby,1793,65218
793,Andree Janman,75,Male,+1 602 707 9434,United States,Arizona,Sachtjen,25288,85255
41,Coralie Petti,79,Female,+1 940 366 9674,United States,Texas,Sunbrook,754,76305
304,Helsa Marjoram,65,Male,+1 508 169 6240,United States,Massachusetts,Lawn,0,02305
646,Buddy Osburn,54,Male,+1 253 232 3265,United States,Washington,Marquette,214,98166
672,Burt Johnston,41,Female,+1 937 379 5221,United States,Ohio,Fieldstone,730,45414
329,Suzann Rolling,81,Male,+1 319 900 8384,United States,Iowa,Mayer,59,50706
906,Blayne Turbefield,78,Male,+1 845 875 1492,United States,New York,Pepper Wood,1,10606
875,Town Kenneway,79,Male,+1 862 192 2506,United States,New Jersey,Miller,335,07505
39,Thatch Colvin,69,Female,+1 937 547 1337,United States,Ohio,Coleman,67,45432
35,Gardie MacKettrick,51,Female,+1 515 803 1459,United States,Iowa,Mendota,83812,50347
909,Zachery Hold,29,Male,+1 601 951 4619,United States,Mississippi,Fairview,72,39210
807,Dionysus Breed,60,Male,+1 315 317 2609,United States,New York,Nancy,098,13505
546,Mellie Coole,96,Female,+1 859 640 5865,United States,Kentucky,Sommers,160,40524
792,Yankee Shuker,115,Female,+1 253 791 4483,United States,Washington,Mesta,047,98424
359,Selena Mallows,27,Male,+1 203 377 1564,United States,Connecticut,Charing Cross,9548,06673
904,Kendall Meikle,39,Male,+1 570 806 2910,United States,Pennsylvania,Village Green,85,18514
901,Mommy Pochin,26,Male,+1 940 971 7011,United States,Texas,Oneill,290,76305
387,Ricki Kowal,119,Male,+1 646 442 6889,United States,New York,Lakewood,49,10099
211,Aretha Newis,80,Male,+1 404 839 6361,United States,Georgia,Roth,48736,30356
553,Leora Zellick,114,Male,+1 202 999 6365,United States,District of Columbia,Rockefeller,3535,20397
669,Margette Hugonnet,45,Non-binary,+1 706 367 5481,United States,Georgia,Surrey,60562,31914
810,Dorthea Woolforde,74,Female,+1 727 491 6836,United States,Florida,Almo,369,34643
113,Angel Ennever,69,Male,+1 347 359 7555,United States,New York,Melvin,2,11355
480,Marci Hinsch,58,Female,+1 810 701 2716,United States,Michigan,Cardinal,51,48211
11,Harper Maskew,44,Female,+1 757 436 2375,United States,Virginia,Lakeland,655,23612
626,Imelda Behling,19,Female,+1 419 675 0555,United States,Ohio,Waywood,6322,43635
899,Michaela Rugge,74,Female,+1 412 170 4874,United States,Pennsylvania,Washington,28,15215
78,Elyssa Outhwaite,98,Male,+1 312 483 2689,United States,Illinois,Morningstar,05299,60691
623,Leanna Allmond,106,Male,+1 714 967 1348,United States,California,Stuart,9,92710
424,Austin Lanchbury,60,Female,+1 210 265 2071,United States,Texas,Kensington,53,78296
220,Palm Parsell,92,Female,+1 304 390 6362,United States,West Virginia,Farragut,44256,25705
634,Wilhelmine Matthiae,102,Genderqueer,+1 425 591 6683,United States,Washington,Southridge,11179,98158
187,Shem Cummungs,30,Female,+1 425 746 8601,United States,Washington,Nobel,3,98109
803,Harlan Ricardon,77,Female,+1 423 579 6285,United States,Tennessee,Independence,69706,37665
803,Almire Skelhorn,85,Male,+1 315 364 1383,United States,New York,Arrowood,362,14614
167,Louisa Castaignet,24,Female,+1 320 828 7110,United States,Minnesota,Aberg,282,56398
595,Cristabel Lindores,112,Male,+1 609 610 9150,United States,New Jersey,Bartelt,58095,08608
608,Marj Westerman,110,Female,+1 804 121 1889,United States,Virginia,Carpenter,9239,23285
311,Hilarius Tidmarsh,113,Female,+1 312 846 0138,United States,Illinois,Dexter,8306,60663
713,Lotti Caghan,38,Agender,+1 941 117 5267,United States,Florida,Fisk,6,34135
906,Maryann Somers,101,Female,+1 361 433 0404,United States,Texas,Jenifer,2545,78415
425,Velma Pengilley,98,Male,+1 570 603 7140,United States,Pennsylvania,Bellgrove,65404,18505
392,Hillary Cosgreave,34,Female,+1 816 534 7855,United States,Missouri,Gina,134,64101
415,Ilsa Byrcher,103,Male,+1 765 944 2300,United States,Indiana,Knutson,3001,46202
276,Amil Lushey,21,Female,+1 901 518 1476,United States,Tennessee,Elmside,989,38136
349,Delphinia Reuven,20,Male,+1 215 651 4114,United States,Pennsylvania,Everett,88,19115
717,Colby Blacklidge,39,Female,+1 518 200 0556,United States,New York,Onsgard,306,12210
212,Shandra Brimilcombe,67,Female,+1 405 946 7570,United States,Oklahoma,Village Green,0837,73104
706,Orin Nettles,90,Female,+1 706 911 5359,United States,Georgia,Russell,44,30911
107,Dawn Haddow,47,Male,+1 816 506 6930,United States,Missouri,Union,9,64054
728,Delainey Casely,58,Male,+1 352 171 7162,United States,Florida,Orin,86445,34611
446,Eustacia Taggerty,42,Female,+1 801 168 0885,United States,Utah,Grover,6511,84115
360,Corena Algy,46,Male,+1 704 863 5737,United States,North Carolina,Dawn,9,28055
259,Edi Schurcke,33,Male,+1 616 606 6778,United States,Michigan,Portage,17,49505
859,Wini Athy,114,Male,+1 540 424 8536,United States,Virginia,Waxwing,46174,24040
272,Belva Ailsbury,71,Female,+1 682 479 6069,United States,Texas,Stoughton,6,76178
846,Andromache Dryburgh,83,Female,+1 208 634 4703,United States,Idaho,Grim,9,83705
396,Cacilie Lazenby,82,Female,+1 757 506 5714,United States,Virginia,Garrison,848,23459
818,Cally Chadbourne,108,Male,+1 505 334 3696,United States,New Mexico,Sundown,63,87140
121,Margret Belfrage,26,Male,+1 801 708 5737,United States,Utah,Southridge,748,84120
566,Francisca Silverthorn,54,Male,+1 205 545 9309,United States,Alabama,Barnett,0,35295
533,Kyle True,81,Male,+1 909 762 0097,United States,California,Jay,8182,92424
654,Prescott Wyllis,26,Female,+1 763 464 4041,United States,Minnesota,Dayton,670,55590
12,Pandora Harbach,41,Male,+1 317 117 7855,United States,Indiana,Reinke,4143,46216
367,Alard Gounel,85,Male,+1 718 694 8967,United States,New York,Redwing,10,11220
855,Karlotte Lecointe,114,Female,+1 717 782 1839,United States,Pennsylvania,Waywood,298,17605
527,Rooney Pollitt,95,Female,+1 203 671 6726,United States,Connecticut,Homewood,2396,06854
900,Skip Toseland,78,Male,+1 662 348 2977,United States,Mississippi,Acker,7,39705
466,Pennie Palfrey,116,Female,+1 312 976 4469,United States,Illinois,Amoth,10,60681
105,Sheba Dantesia,108,Male,+1 419 836 2368,United States,Ohio,Redwing,7420,45807
467,Janenna Cankett,52,Male,+1 915 471 2423,United States,Texas,Algoma,7628,88553
840,Gage Purkiss,67,Male,+1 509 925 3241,United States,Washington,Anderson,994,99210
564,Gilli McElree,21,Non-binary,+1 215 901 3229,United States,Pennsylvania,Donald,11357,19131
660,Nicolina Spridgeon,66,Female,+1 315 373 0745,United States,New York,Dahle,439,13210
697,Leah Cuthill,30,Male,+1 706 151 0616,United States,Georgia,1st,2,31914
58,Susannah Tubby,26,Male,+1 773 975 4395,United States,Illinois,Merchant,14373,60604
451,Ynez Rolinson,118,Male,+1 405 592 3783,United States,Oklahoma,Hudson,719,73179
256,Hamilton Franzonello,95,Male,+1 303 574 3014,United States,Colorado,Rowland,59,80270
864,Nolana Wastell,60,Female,+1 702 132 1215,United States,Nevada,Burning Wood,6,89115
163,Honey Smalridge,50,Female,+1 509 501 7008,United States,Washington,Clyde Gallagher,133,99205
485,Findlay Hacard,45,Female,+1 661 137 6860,United States,California,Heath,50085,93591
82,Edgar Casse,30,Female,+1 617 813 4248,United States,Massachusetts,Roxbury,3133,02124
500,Kylila Frany,80,Female,+1 303 562 6880,United States,Colorado,Artisan,8,80262
222,Bernadine Hartell,87,Female,+1 503 867 7789,United States,Oregon,Division,245,97296
793,Blanch Bloxsom,117,Male,+1 719 947 1868,United States,Colorado,Warrior,74410,81005
158,Doloritas Bogue,56,Male,+1 248 768 7433,United States,Michigan,Ohio,6,48258
327,Lucretia Willas,77,Male,+1 303 161 7555,United States,Colorado,Monument,06881,80270
511,Hildagard Moulsdale,120,Male,+1 209 610 3769,United States,California,Blue Bill Park,74027,95298
350,Lawry Johannes,69,Male,+1 775 540 1936,United States,Nevada,Corscot,514,89550
147,Maurie Bollin,110,Bigender,+1 317 896 9614,United States,Indiana,Cardinal,52061,46231
387,Johnath Portwaine,110,Male,+1 626 648 3922,United States,California,Myrtle,8628,91520
163,Melony Kenwin,46,Female,+1 717 819 2028,United States,Pennsylvania,Almo,6,17110
130,Carley Bentje,94,Male,+1 901 604 4475,United States,Tennessee,Kenwood,3713,38136
849,Corey Kerton,49,Genderqueer,+1 563 344 9442,United States,Iowa,Florence,18104,52804
674,Amalle Karolczyk,36,Polygender,+1 727 423 2164,United States,Florida,Melvin,8,34615
305,Fiann Lehrmann,96,Male,+1 808 844 0734,United States,Hawaii,Sloan,13658,96805
66,Jo-anne Kittles,100,Male,+1 502 729 7782,United States,Kentucky,Blackbird,95648,40250
809,Tirrell Seavers,71,Female,+1 336 659 1701,United States,North Carolina,Forest Run,98,27499
110,Ber Creavan,65,Male,+1 202 356 7129,United States,District of Columbia,Corry,91,20380
668,Jephthah Craze,33,Male,+1 510 339 6304,United States,California,Wayridge,11595,94605
538,Karry Chsteney,23,Female,+1 786 315 2606,United States,Florida,Carpenter,8,33018
93,Codi Joder,21,Female,+1 530 215 7889,United States,California,Fair Oaks,5764,96154
481,Urbain Benedikt,111,Male,+1 330 513 7941,United States,Ohio,Main,0409,44511
42,Rebeca Pocknoll,87,Female,+1 860 428 2341,United States,Connecticut,Annamark,3,06127
854,Cyril Cheer,102,Bigender,+1 641 947 5756,United States,Iowa,Mariners Cove,5059,50315
526,Agneta Connold,106,Female,+1 605 301 2922,United States,South Dakota,Dayton,2,57105
106,Gabriel Warrell,90,Bigender,+1 562 582 7863,United States,California,Tomscot,5325,90847
254,Davita McGarrie,79,Male,+1 602 875 0135,United States,Arizona,Oakridge,970,85015
145,Cherey Stroyan,75,Genderfluid,+1 301 290 6333,United States,Maryland,Mariners Cove,11585,21203
910,Sheridan Tidd,102,Male,+1 213 910 7841,United States,California,Thompson,5,91499
511,Aline Law,30,Male,+1 937 332 2742,United States,Ohio,Meadow Valley,875,45490
710,Wain Adnet,61,Female,+1 518 216 7543,United States,New York,David,72,12325
384,Antonie Luard,34,Female,+1 915 764 9399,United States,Texas,Trailsway,9,88574
906,Bord Spedding,47,Female,+1 865 457 2555,United States,Tennessee,Tennyson,044,37919
684,Jamima Hardy,30,Male,+1 612 671 4734,United States,Minnesota,Holy Cross,15,55423
860,Naomi Delion,40,Male,+1 508 856 2695,United States,Massachusetts,Wayridge,09575,02162
280,Lizzy Whatson,58,Female,+1 310 518 4712,United States,California,Bartillon,6,90405
152,Toni Searsby,63,Male,+1 915 278 5010,United States,Texas,Buhler,85718,79989
631,Henrietta Cesconi,103,Male,+1 704 654 1348,United States,North Carolina,Dayton,643,28299
594,Dannie Mowday,90,Male,+1 713 223 9578,United States,Texas,Jenna,10688,77288
662,Nona Lebarree,49,Female,+1 202 215 0468,United States,District of Columbia,Lighthouse Bay,799,20005
513,Oralie Isgar,43,Genderqueer,+1 404 666 4356,United States,Georgia,Kenwood,6709,30343
75,Conway Montez,67,Male,+1 804 409 8333,United States,Virginia,Norway Maple,02,23289
448,Libbey Dobrovolny,49,Male,+1 859 594 9553,United States,Kentucky,Dorton,0,40546
228,Leigha People,107,Female,+1 302 884 7680,United States,Delaware,Reinke,0172,19897
132,Julio Pawelczyk,97,Male,+1 402 337 5597,United States,Nebraska,Village,6,68144
575,Archibald Edelheit,59,Genderqueer,+1 915 520 0851,United States,Texas,American Ash,462,88519
585,Marcille Pelcheur,107,Male,+1 702 303 8972,United States,Nevada,Kings,47580,89130
368,Berny Naylor,96,Male,+1 202 523 2098,United States,District of Columbia,Old Shore,7112,20420
576,Cully Guise,35,Male,+1 785 855 4520,United States,Kansas,Lindbergh,581,66642
716,Lorilee Borborough,99,Female,+1 904 146 8651,United States,Florida,Waxwing,566,32215
345,Emelyne Jandak,21,Female,+1 251 124 5232,United States,Alabama,Bowman,4,36641
237,Dosi Giovannetti,54,Male,+1 314 470 2475,United States,Missouri,Red Cloud,6462,63196
69,Charlot Hubbucke,87,Male,+1 562 399 1780,United States,California,Dakota,56,94110
353,Iosep Sustins,37,Female,+1 402 100 7228,United States,Nebraska,Hanson,1,68583
308,Dominick Kemell,102,Female,+1 952 230 8928,United States,Minnesota,Graceland,79388,55557
147,Michaelina Drayson,82,Female,+1 856 691 3420,United States,New Jersey,American Ash,87,08104
787,Georas Maidens,69,Female,+1 469 111 7056,United States,Texas,Carioca,818,75236
173,Teena Whittaker,74,Agender,+1 760 882 6075,United States,California,Sachtjen,2694,92668
714,Saba Sandell,37,Male,+1 402 462 2012,United States,Nebraska,Moose,479,68510
949,Amalee Douthwaite,33,Male,+1 559 507 6669,United States,California,Daystar,2817,93740
647,Llywellyn Conen,108,Female,+1 952 507 9708,United States,Minnesota,Pankratz,5,55423
871,Karim Besant,106,Female,+1 419 356 1888,United States,Ohio,Jana,4,43605
867,Jillie Dunsmore,72,Female,+1 763 349 8892,United States,Minnesota,Steensland,5829,55115
301,Eddie Horsburgh,86,Female,+1 513 307 1776,United States,Ohio,Basil,8826,45249
899,Afton Hyne,90,Male,+1 818 985 2719,United States,California,Hoffman,1,90035
902,Gertrud Fitzackerley,116,Female,+1 972 424 3484,United States,Texas,Mallard,7224,75185
725,Asher Musselwhite,44,Female,+1 214 126 5456,United States,Texas,Randy,67,75260
189,Stanislas Gelling,86,Female,+1 513 245 3407,United States,Ohio,Center,86750,45218
320,Corbin Cullin,47,Genderqueer,+1 804 372 1496,United States,Virginia,Bay,53,23285
418,Annecorinne Tooby,99,Male,+1 317 451 2166,United States,Indiana,Merrick,83791,46207
840,Carolus Basnett,41,Female,+1 305 692 4123,United States,Florida,Village,5,33185
860,Dolley Statersfield,87,Female,+1 405 853 6508,United States,Oklahoma,Bartelt,33,73142
413,Idette Alyutin,55,Male,+1 336 525 5559,United States,North Carolina,Hudson,2,27116
883,Eadie Schinetti,96,Female,+1 760 536 4385,United States,California,Moulton,8,92668
290,Aaren Merrill,72,Female,+1 334 557 7024,United States,Alabama,Bartillon,895,36134
139,Sigfrid Willshere,84,Female,+1 706 585 9473,United States,Georgia,Mendota,9697,31998
103,Lem Prati,104,Female,+1 612 123 2305,United States,Minnesota,Steensland,0338,55417
261,Frannie Brayfield,51,Female,+1 317 487 7794,United States,Indiana,Magdeline,672,46207
407,Jerri Mee,117,Male,+1 916 862 9180,United States,California,Sachtjen,6,94291
266,Dwight Shee,36,Male,+1 646 438 7108,United States,New York,Troy,2320,10110
169,Jenilee Grinston,19,Male,+1 623 386 7887,United States,Arizona,Bluestem,25123,85260
325,Emanuele Jahnel,105,Male,+1 419 549 6702,United States,Ohio,Green,995,43666
429,Leanor Creamen,107,Male,+1 661 595 2249,United States,California,Logan,2,93584
895,Brana Sills,82,Female,+1 907 903 1090,United States,Alaska,Swallow,82,99507
470,Quinton Baelde,111,Female,+1 304 632 1251,United States,West Virginia,Mcguire,19,25356
416,Henrik Krollman,114,Male,+1 208 502 2022,United States,Idaho,Monument,007,83705
9,Eachelle Lemmer,30,Male,+1 573 891 8363,United States,Missouri,Killdeer,271,65110
385,Kristopher Sibbert,53,Female,+1 915 970 9396,United States,Texas,Dayton,97988,88530
763,Lanie Haddock,73,Male,+1 701 215 4296,United States,North Dakota,Valley Edge,240,58122
154,Briant Doudney,61,Female,+1 212 240 8638,United States,New York,Meadow Vale,01768,10292
939,Weider Caustic,117,Male,+1 937 476 4356,United States,Ohio,Larry,69521,45440
814,Gilbert Tussaine,89,Female,+1 503 690 4258,United States,Oregon,Westerfield,1,97286
698,Ruben Soigoux,104,Male,+1 361 264 5347,United States,Texas,Hanover,8,78405
650,Marlow Essex,43,Male,+1 518 858 1455,United States,New York,Lakewood,8,12232
355,Florrie Pollett,98,Male,+1 540 232 0968,United States,Virginia,Melody,22217,24020
345,Court Dericut,34,Genderqueer,+1 215 627 1271,United States,Pennsylvania,Blackbird,91,19093
340,Zilvia Stealey,119,Male,+1 757 763 1495,United States,Virginia,Bunker Hill,03624,23436
380,Kerr Overpool,113,Male,+1 303 610 4980,United States,Colorado,Acker,1956,80243
751,Mycah Iwanowicz,36,Female,+1 609 740 4615,United States,New Jersey,Bluestem,7,08608
767,Andrea Fihelly,113,Polygender,+1 970 111 1467,United States,Colorado,Fair Oaks,057,81505
751,Piper Rowsell,81,Female,+1 256 464 0998,United States,Alabama,Buena Vista,500,35895
148,Dayle Effaunt,105,Male,+1 225 715 1593,United States,Louisiana,Dahle,4,70836
691,Basia Synnott,29,Male,+1 202 953 6606,United States,District of Columbia,Merry,393,20220
43,Wright Sherston,109,Female,+1 913 231 5491,United States,Kansas,Lighthouse Bay,7400,66215
554,Gerty Wolfenden,37,Female,+1 239 445 4844,United States,Florida,Pond,1,33963
155,Wynn Rounding,113,Male,+1 361 446 0288,United States,Texas,Monterey,0,78415
724,Spencer Duce,40,Male,+1 414 803 3368,United States,Wisconsin,Fulton,48,53225
777,Mellisa Tuplin,111,Male,+1 571 560 2517,United States,Virginia,Straubel,1,22313
751,Rufus Allcoat,111,Male,+1 952 747 3122,United States,Minnesota,Hoard,07,55564
862,Wilbur Loggie,26,Male,+1 971 302 0510,United States,Oregon,Armistice,02602,97255
265,Bondie Wheater,38,Female,+1 815 266 0618,United States,Illinois,Union,619,61110
419,Niel Scintsbury,58,Polygender,+1 360 281 0891,United States,Washington,Mcguire,5821,98687
147,Katrina Eby,106,Male,+1 703 207 6569,United States,Virginia,Loftsgordon,3,22301
43,Joete Cargen,31,Female,+1 806 421 9985,United States,Texas,Cody,15,79188
298,Phedra Bushby,23,Female,+1 202 463 0014,United States,District of Columbia,Macpherson,8,20508
474,Antonio Coales,99,Male,+1 205 782 9938,United States,Alabama,Vera,761,35242
812,Penelope Larkby,53,Male,+1 651 255 2499,United States,Minnesota,Hayes,8514,55146
95,Jessee Bonifant,76,Female,+1 602 353 1999,United States,Arizona,Springs,34,85010
207,Nichole Eadmead,28,Genderqueer,+1 805 727 0185,United States,California,Crowley,5341,93407
873,Jarrett Kirdsch,35,Male,+1 512 318 0398,United States,Texas,Morrow,70,78715
186,Phil Tuvey,115,Non-binary,+1 501 209 8289,United States,Arkansas,Schlimgen,13422,72118
363,Klarrisa Jira,90,Female,+1 214 309 6531,United States,Texas,Emmet,9273,75062
50,Julina Lesmonde,83,Female,+1 313 901 5061,United States,Michigan,Troy,4,48275
422,Maddalena Loos,71,Male,+1 916 767 8704,United States,California,Moose,99,94207
230,Kerry Creaney,75,Female,+1 919 228 0439,United States,North Carolina,Linden,21528,27626
80,Colet Gorling,76,Male,+1 713 679 9426,United States,Texas,Huxley,700,77212
314,Avery Hardware,40,Male,+1 704 567 1677,United States,North Carolina,Melvin,9,28205
876,Gradey Martinek,44,Polygender,+1 303 967 4726,United States,Colorado,Crowley,1143,80328
937,Hildagarde Justice,27,Female,+1 317 299 7833,United States,Indiana,Shopko,06508,46266
830,Hersch Panniers,96,Female,+1 701 355 8076,United States,North Dakota,Tennessee,8,58122
506,Shaughn Haet,120,Male,+1 414 675 8343,United States,Wisconsin,Pond,58931,53285
376,Ellen Zamudio,58,Female,+1 646 804 8480,United States,New York,Dixon,2,10099
715,Ericka Millions,108,Genderfluid,+1 305 995 1718,United States,Florida,Artisan,8426,33185
94,Celka Pease,69,Female,+1 605 156 6323,United States,South Dakota,Doe Crossing,840,57193
604,Armin Radin,50,Male,+1 202 579 3577,United States,District of Columbia,Barby,14,20599
778,Elladine Scorey,25,Male,+1 415 378 1623,United States,California,Sullivan,06288,94147
802,Reggie Radnedge,39,Female,+1 910 827 2943,United States,North Carolina,Utah,30,28305
173,Hasheem Winkle,18,Female,+1 330 550 1069,United States,Ohio,Moose,6,44705
882,Ruthanne Godball,82,Female,+1 860 696 6561,United States,Connecticut,Westerfield,92720,06105
557,Daryl Avery,30,Female,+1 281 106 7036,United States,Texas,Chive,67,77005
347,Jacquie Bradford,39,Male,+1 937 523 2037,United States,Ohio,Clyde Gallagher,3620,45419
821,Alix Gricks,79,Female,+1 318 174 8376,United States,Louisiana,Grasskamp,991,71166
394,Edvard Clines,36,Female,+1 702 171 4329,United States,Nevada,Hallows,187,89193
326,Tresa Pouton,41,Polygender,+1 605 530 7830,United States,South Dakota,West,21108,57110
692,Onfre Cabedo,31,Female,+1 202 322 5308,United States,District of Columbia,Knutson,1401,20508
916,Leelah Noden,71,Female,+1 253 953 9040,United States,Washington,Ramsey,0,98405
179,Tobe Worviell,61,Non-binary,+1 517 647 9651,United States,Michigan,Lerdahl,978,48912
19,Adlai Spoure,81,Female,+1 916 228 4495,United States,California,Sunnyside,9383,95833
938,Irv McBeth,78,Female,+1 941 994 1521,United States,Florida,Kenwood,9229,34205
23,Kamillah Stritton,21,Female,+1 585 915 2332,United States,New York,Fairfield,98,14609
242,Katlin Verduin,48,Male,+1 434 387 9562,United States,Virginia,Manufacturers,7948,22111
108,Marcos Piotrkowski,49,Female,+1 682 165 2375,United States,Texas,Doe Crossing,55,76162
48,Darcee Kupec,87,Female,+1 313 446 8367,United States,Michigan,Portage,500,48224